date,ticker,price,drawdown,final_score,action_tag,top_news_titles,created_at
2026-05-01,NVDA,,,,Data Unavailable,,2026-05-01T19:09:25
2026-05-01,AVGO,,,,Data Unavailable,,2026-05-01T19:09:25
2026-05-01,AMD,,,,Data Unavailable,,2026-05-01T19:09:25
2026-05-01,MU,,,,Data Unavailable,,2026-05-01T19:09:25
2026-05-01,TSM,,,,Data Unavailable,,2026-05-01T19:09:25
2026-05-01,ANET,,,,Data Unavailable,,2026-05-01T19:09:25
2026-05-01,CRDO,,,,Data Unavailable,,2026-05-01T19:09:25
2026-05-01,ALAB,,,,Data Unavailable,,2026-05-01T19:09:25
2026-05-01,CLS,,,,Data Unavailable,,2026-05-01T19:09:25
2026-05-01,VRT,,,,Data Unavailable,,2026-05-01T19:09:25
2026-05-01,ETN,,,,Data Unavailable,,2026-05-01T19:09:25
2026-05-01,CEG,,,,Data Unavailable,,2026-05-01T19:09:25
2026-05-01,VST,,,,Data Unavailable,,2026-05-01T19:09:25
2026-05-01,CCJ,,,,Data Unavailable,,2026-05-01T19:09:25
2026-05-01,AXON,,,,Data Unavailable,,2026-05-01T19:09:25
2026-05-01,PLTR,,,,Data Unavailable,,2026-05-01T19:09:25
2026-05-01,LMT,,,,Data Unavailable,,2026-05-01T19:09:25
2026-05-01,NOC,,,,Data Unavailable,,2026-05-01T19:09:25
2026-05-01,RTX,,,,Data Unavailable,,2026-05-01T19:09:25
2026-05-01,HII,,,,Data Unavailable,,2026-05-01T19:09:25
2026-05-01,RKLB,,,,Data Unavailable,,2026-05-01T19:09:25
2026-05-01,LUNR,,,,Data Unavailable,,2026-05-01T19:09:25
2026-05-01,TMDX,,,,Data Unavailable,,2026-05-01T19:09:25
2026-05-01,ISRG,,,,Data Unavailable,,2026-05-01T19:09:25
2026-05-01,NTRA,,,,Data Unavailable,,2026-05-01T19:09:25
2026-05-01,TMO,,,,Data Unavailable,,2026-05-01T19:09:25
2026-05-01,DHR,,,,Data Unavailable,,2026-05-01T19:09:25
2026-05-01,NFLX,,,,Data Unavailable,,2026-05-01T19:09:25
2026-05-01,META,,,,Data Unavailable,,2026-05-01T19:09:25
2026-05-01,AMZN,,,,Data Unavailable,,2026-05-01T19:09:25
2026-05-01,MSFT,,,,Data Unavailable,,2026-05-01T19:09:25
2026-05-01,GOOGL,,,,Data Unavailable,,2026-05-01T19:09:25
2026-05-01,TSLA,,,,Data Unavailable,,2026-05-01T19:09:25
2026-05-01,PYPL,,,,Data Unavailable,,2026-05-01T19:09:25
2026-05-01,SBUX,,,,Data Unavailable,,2026-05-01T19:09:25
2026-05-01,DIS,,,,Data Unavailable,,2026-05-01T19:09:25
2026-05-01,SHOP,,,,Data Unavailable,,2026-05-01T19:09:25
2026-05-01,MELI,,,,Data Unavailable,,2026-05-01T19:09:25
2026-05-01,UBER,,,,Data Unavailable,,2026-05-01T19:09:25
2026-05-01,ABNB,,,,Data Unavailable,,2026-05-01T19:09:25
2026-05-01,BKNG,,,,Data Unavailable,,2026-05-01T19:09:25
2026-05-01,SPOT,,,,Data Unavailable,,2026-05-01T19:09:25
2026-05-01,NVDA,,,,Data Unavailable,,2026-05-01T19:12:03
2026-05-01,AVGO,,,,Data Unavailable,,2026-05-01T19:12:03
2026-05-01,AMD,,,,Data Unavailable,,2026-05-01T19:12:03
2026-05-01,MU,,,,Data Unavailable,,2026-05-01T19:12:03
2026-05-01,TSM,,,,Data Unavailable,,2026-05-01T19:12:03
2026-05-01,ANET,,,,Data Unavailable,,2026-05-01T19:12:03
2026-05-01,CRDO,,,,Data Unavailable,,2026-05-01T19:12:03
2026-05-01,ALAB,,,,Data Unavailable,,2026-05-01T19:12:03
2026-05-01,CLS,,,,Data Unavailable,,2026-05-01T19:12:03
2026-05-01,VRT,,,,Data Unavailable,,2026-05-01T19:12:03
2026-05-01,ETN,,,,Data Unavailable,,2026-05-01T19:12:03
2026-05-01,CEG,,,,Data Unavailable,,2026-05-01T19:12:03
2026-05-01,VST,,,,Data Unavailable,,2026-05-01T19:12:03
2026-05-01,CCJ,,,,Data Unavailable,,2026-05-01T19:12:03
2026-05-01,AXON,,,,Data Unavailable,,2026-05-01T19:12:03
2026-05-01,PLTR,,,,Data Unavailable,,2026-05-01T19:12:03
2026-05-01,LMT,,,,Data Unavailable,,2026-05-01T19:12:03
2026-05-01,NOC,,,,Data Unavailable,,2026-05-01T19:12:03
2026-05-01,RTX,,,,Data Unavailable,,2026-05-01T19:12:03
2026-05-01,HII,,,,Data Unavailable,,2026-05-01T19:12:03
2026-05-01,RKLB,,,,Data Unavailable,,2026-05-01T19:12:03
2026-05-01,LUNR,,,,Data Unavailable,,2026-05-01T19:12:03
2026-05-01,TMDX,,,,Data Unavailable,,2026-05-01T19:12:03
2026-05-01,ISRG,,,,Data Unavailable,,2026-05-01T19:12:03
2026-05-01,NTRA,,,,Data Unavailable,,2026-05-01T19:12:03
2026-05-01,TMO,,,,Data Unavailable,,2026-05-01T19:12:03
2026-05-01,DHR,,,,Data Unavailable,,2026-05-01T19:12:03
2026-05-01,NFLX,,,,Data Unavailable,,2026-05-01T19:12:03
2026-05-01,META,,,,Data Unavailable,,2026-05-01T19:12:03
2026-05-01,AMZN,,,,Data Unavailable,,2026-05-01T19:12:03
2026-05-01,MSFT,,,,Data Unavailable,,2026-05-01T19:12:03
2026-05-01,GOOGL,,,,Data Unavailable,,2026-05-01T19:12:03
2026-05-01,TSLA,,,,Data Unavailable,,2026-05-01T19:12:03
2026-05-01,PYPL,,,,Data Unavailable,,2026-05-01T19:12:03
2026-05-01,SBUX,,,,Data Unavailable,,2026-05-01T19:12:03
2026-05-01,DIS,,,,Data Unavailable,,2026-05-01T19:12:03
2026-05-01,SHOP,,,,Data Unavailable,,2026-05-01T19:12:03
2026-05-01,MELI,,,,Data Unavailable,,2026-05-01T19:12:03
2026-05-01,UBER,,,,Data Unavailable,,2026-05-01T19:12:03
2026-05-01,ABNB,,,,Data Unavailable,,2026-05-01T19:12:03
2026-05-01,BKNG,,,,Data Unavailable,,2026-05-01T19:12:03
2026-05-01,SPOT,,,,Data Unavailable,,2026-05-01T19:12:03
2026-05-01,NVDA,,,,Data Unavailable,,2026-05-01T19:20:48
2026-05-01,AVGO,,,,Data Unavailable,,2026-05-01T19:20:48
2026-05-01,AMD,,,,Data Unavailable,,2026-05-01T19:20:48
2026-05-01,MU,,,,Data Unavailable,,2026-05-01T19:20:48
2026-05-01,TSM,,,,Data Unavailable,,2026-05-01T19:20:48
2026-05-01,ANET,,,,Data Unavailable,,2026-05-01T19:20:48
2026-05-01,CRDO,,,,Data Unavailable,,2026-05-01T19:20:48
2026-05-01,ALAB,,,,Data Unavailable,,2026-05-01T19:20:48
2026-05-01,CLS,,,,Data Unavailable,,2026-05-01T19:20:48
2026-05-01,VRT,,,,Data Unavailable,,2026-05-01T19:20:48
2026-05-01,ETN,,,,Data Unavailable,,2026-05-01T19:20:48
2026-05-01,CEG,,,,Data Unavailable,,2026-05-01T19:20:48
2026-05-01,VST,,,,Data Unavailable,,2026-05-01T19:20:48
2026-05-01,CCJ,,,,Data Unavailable,,2026-05-01T19:20:48
2026-05-01,AXON,,,,Data Unavailable,,2026-05-01T19:20:48
2026-05-01,PLTR,,,,Data Unavailable,,2026-05-01T19:20:48
2026-05-01,LMT,,,,Data Unavailable,,2026-05-01T19:20:48
2026-05-01,NOC,,,,Data Unavailable,,2026-05-01T19:20:48
2026-05-01,RTX,,,,Data Unavailable,,2026-05-01T19:20:48
2026-05-01,HII,,,,Data Unavailable,,2026-05-01T19:20:48
2026-05-01,RKLB,,,,Data Unavailable,,2026-05-01T19:20:48
2026-05-01,LUNR,,,,Data Unavailable,,2026-05-01T19:20:48
2026-05-01,TMDX,,,,Data Unavailable,,2026-05-01T19:20:48
2026-05-01,ISRG,,,,Data Unavailable,,2026-05-01T19:20:48
2026-05-01,NTRA,,,,Data Unavailable,,2026-05-01T19:20:48
2026-05-01,TMO,,,,Data Unavailable,,2026-05-01T19:20:48
2026-05-01,DHR,,,,Data Unavailable,,2026-05-01T19:20:48
2026-05-01,NFLX,,,,Data Unavailable,,2026-05-01T19:20:48
2026-05-01,META,,,,Data Unavailable,,2026-05-01T19:20:48
2026-05-01,AMZN,,,,Data Unavailable,,2026-05-01T19:20:48
2026-05-01,MSFT,,,,Data Unavailable,,2026-05-01T19:20:48
2026-05-01,GOOGL,,,,Data Unavailable,,2026-05-01T19:20:48
2026-05-01,TSLA,,,,Data Unavailable,,2026-05-01T19:20:48
2026-05-01,PYPL,,,,Data Unavailable,,2026-05-01T19:20:48
2026-05-01,SBUX,,,,Data Unavailable,,2026-05-01T19:20:48
2026-05-01,DIS,,,,Data Unavailable,,2026-05-01T19:20:48
2026-05-01,SHOP,,,,Data Unavailable,,2026-05-01T19:20:48
2026-05-01,MELI,,,,Data Unavailable,,2026-05-01T19:20:48
2026-05-01,UBER,,,,Data Unavailable,,2026-05-01T19:20:48
2026-05-01,ABNB,,,,Data Unavailable,,2026-05-01T19:20:48
2026-05-01,BKNG,,,,Data Unavailable,,2026-05-01T19:20:48
2026-05-01,SPOT,,,,Data Unavailable,,2026-05-01T19:20:48
2026-05-01,NVDA,,,,Data Unavailable,,2026-05-01T22:33:40
2026-05-01,AVGO,,,,Data Unavailable,,2026-05-01T22:33:40
2026-05-01,AMD,,,,Data Unavailable,,2026-05-01T22:33:40
2026-05-01,MU,,,,Data Unavailable,,2026-05-01T22:33:40
2026-05-01,TSM,,,,Data Unavailable,,2026-05-01T22:33:40
2026-05-01,ANET,,,,Data Unavailable,,2026-05-01T22:33:40
2026-05-01,CRDO,,,,Data Unavailable,,2026-05-01T22:33:40
2026-05-01,ALAB,,,,Data Unavailable,,2026-05-01T22:33:40
2026-05-01,CLS,,,,Data Unavailable,,2026-05-01T22:33:40
2026-05-01,VRT,,,,Data Unavailable,,2026-05-01T22:33:40
2026-05-01,ETN,,,,Data Unavailable,,2026-05-01T22:33:40
2026-05-01,CEG,,,,Data Unavailable,,2026-05-01T22:33:40
2026-05-01,VST,,,,Data Unavailable,,2026-05-01T22:33:40
2026-05-01,CCJ,,,,Data Unavailable,,2026-05-01T22:33:40
2026-05-01,AXON,,,,Data Unavailable,,2026-05-01T22:33:40
2026-05-01,PLTR,,,,Data Unavailable,,2026-05-01T22:33:40
2026-05-01,LMT,,,,Data Unavailable,,2026-05-01T22:33:40
2026-05-01,NOC,,,,Data Unavailable,,2026-05-01T22:33:40
2026-05-01,RTX,,,,Data Unavailable,,2026-05-01T22:33:40
2026-05-01,HII,,,,Data Unavailable,,2026-05-01T22:33:40
2026-05-01,RKLB,,,,Data Unavailable,,2026-05-01T22:33:40
2026-05-01,LUNR,,,,Data Unavailable,,2026-05-01T22:33:40
2026-05-01,TMDX,,,,Data Unavailable,,2026-05-01T22:33:40
2026-05-01,ISRG,,,,Data Unavailable,,2026-05-01T22:33:40
2026-05-01,NTRA,,,,Data Unavailable,,2026-05-01T22:33:40
2026-05-01,TMO,,,,Data Unavailable,,2026-05-01T22:33:40
2026-05-01,DHR,,,,Data Unavailable,,2026-05-01T22:33:40
2026-05-01,NFLX,,,,Data Unavailable,,2026-05-01T22:33:40
2026-05-01,META,,,,Data Unavailable,,2026-05-01T22:33:40
2026-05-01,AMZN,,,,Data Unavailable,,2026-05-01T22:33:40
2026-05-01,MSFT,,,,Data Unavailable,,2026-05-01T22:33:40
2026-05-01,GOOGL,,,,Data Unavailable,,2026-05-01T22:33:40
2026-05-01,TSLA,,,,Data Unavailable,,2026-05-01T22:33:40
2026-05-01,PYPL,,,,Data Unavailable,,2026-05-01T22:33:40
2026-05-01,SBUX,,,,Data Unavailable,,2026-05-01T22:33:40
2026-05-01,DIS,,,,Data Unavailable,,2026-05-01T22:33:40
2026-05-01,SHOP,,,,Data Unavailable,,2026-05-01T22:33:40
2026-05-01,MELI,,,,Data Unavailable,,2026-05-01T22:33:40
2026-05-01,UBER,,,,Data Unavailable,,2026-05-01T22:33:40
2026-05-01,ABNB,,,,Data Unavailable,,2026-05-01T22:33:40
2026-05-01,BKNG,,,,Data Unavailable,,2026-05-01T22:33:40
2026-05-01,SPOT,,,,Data Unavailable,,2026-05-01T22:33:40
2026-05-01,NVDA,,,,Data Unavailable,,2026-05-01T22:33:45
2026-05-01,AVGO,,,,Data Unavailable,,2026-05-01T22:33:45
2026-05-01,AMD,,,,Data Unavailable,,2026-05-01T22:33:45
2026-05-01,MU,,,,Data Unavailable,,2026-05-01T22:33:45
2026-05-01,TSM,,,,Data Unavailable,,2026-05-01T22:33:45
2026-05-01,ANET,,,,Data Unavailable,,2026-05-01T22:33:45
2026-05-01,CRDO,,,,Data Unavailable,,2026-05-01T22:33:45
2026-05-01,ALAB,,,,Data Unavailable,,2026-05-01T22:33:45
2026-05-01,CLS,,,,Data Unavailable,,2026-05-01T22:33:45
2026-05-01,VRT,,,,Data Unavailable,,2026-05-01T22:33:45
2026-05-01,ETN,,,,Data Unavailable,,2026-05-01T22:33:45
2026-05-01,CEG,,,,Data Unavailable,,2026-05-01T22:33:45
2026-05-01,VST,,,,Data Unavailable,,2026-05-01T22:33:45
2026-05-01,CCJ,,,,Data Unavailable,,2026-05-01T22:33:45
2026-05-01,AXON,,,,Data Unavailable,,2026-05-01T22:33:45
2026-05-01,PLTR,,,,Data Unavailable,,2026-05-01T22:33:45
2026-05-01,LMT,,,,Data Unavailable,,2026-05-01T22:33:45
2026-05-01,NOC,,,,Data Unavailable,,2026-05-01T22:33:45
2026-05-01,RTX,,,,Data Unavailable,,2026-05-01T22:33:45
2026-05-01,HII,,,,Data Unavailable,,2026-05-01T22:33:45
2026-05-01,RKLB,,,,Data Unavailable,,2026-05-01T22:33:45
2026-05-01,LUNR,,,,Data Unavailable,,2026-05-01T22:33:45
2026-05-01,TMDX,,,,Data Unavailable,,2026-05-01T22:33:45
2026-05-01,ISRG,,,,Data Unavailable,,2026-05-01T22:33:45
2026-05-01,NTRA,,,,Data Unavailable,,2026-05-01T22:33:45
2026-05-01,TMO,,,,Data Unavailable,,2026-05-01T22:33:45
2026-05-01,DHR,,,,Data Unavailable,,2026-05-01T22:33:45
2026-05-01,NFLX,,,,Data Unavailable,,2026-05-01T22:33:45
2026-05-01,META,,,,Data Unavailable,,2026-05-01T22:33:45
2026-05-01,AMZN,,,,Data Unavailable,,2026-05-01T22:33:45
2026-05-01,MSFT,,,,Data Unavailable,,2026-05-01T22:33:45
2026-05-01,GOOGL,,,,Data Unavailable,,2026-05-01T22:33:45
2026-05-01,TSLA,,,,Data Unavailable,,2026-05-01T22:33:45
2026-05-01,PYPL,,,,Data Unavailable,,2026-05-01T22:33:45
2026-05-01,SBUX,,,,Data Unavailable,,2026-05-01T22:33:45
2026-05-01,DIS,,,,Data Unavailable,,2026-05-01T22:33:45
2026-05-01,SHOP,,,,Data Unavailable,,2026-05-01T22:33:45
2026-05-01,MELI,,,,Data Unavailable,,2026-05-01T22:33:45
2026-05-01,UBER,,,,Data Unavailable,,2026-05-01T22:33:45
2026-05-01,ABNB,,,,Data Unavailable,,2026-05-01T22:33:45
2026-05-01,BKNG,,,,Data Unavailable,,2026-05-01T22:33:45
2026-05-01,SPOT,,,,Data Unavailable,,2026-05-01T22:33:45
2026-05-01,NVDA,,,,Data Unavailable,,2026-05-01T22:34:27
2026-05-01,AVGO,,,,Data Unavailable,,2026-05-01T22:34:27
2026-05-01,AMD,,,,Data Unavailable,,2026-05-01T22:34:27
2026-05-01,MU,,,,Data Unavailable,,2026-05-01T22:34:27
2026-05-01,TSM,,,,Data Unavailable,,2026-05-01T22:34:27
2026-05-01,ANET,,,,Data Unavailable,,2026-05-01T22:34:27
2026-05-01,CRDO,,,,Data Unavailable,,2026-05-01T22:34:27
2026-05-01,ALAB,,,,Data Unavailable,,2026-05-01T22:34:27
2026-05-01,CLS,,,,Data Unavailable,,2026-05-01T22:34:27
2026-05-01,VRT,,,,Data Unavailable,,2026-05-01T22:34:27
2026-05-01,ETN,,,,Data Unavailable,,2026-05-01T22:34:27
2026-05-01,CEG,,,,Data Unavailable,,2026-05-01T22:34:27
2026-05-01,VST,,,,Data Unavailable,,2026-05-01T22:34:27
2026-05-01,CCJ,,,,Data Unavailable,,2026-05-01T22:34:27
2026-05-01,AXON,,,,Data Unavailable,,2026-05-01T22:34:27
2026-05-01,PLTR,,,,Data Unavailable,,2026-05-01T22:34:27
2026-05-01,LMT,,,,Data Unavailable,,2026-05-01T22:34:27
2026-05-01,NOC,,,,Data Unavailable,,2026-05-01T22:34:27
2026-05-01,RTX,,,,Data Unavailable,,2026-05-01T22:34:27
2026-05-01,HII,,,,Data Unavailable,,2026-05-01T22:34:27
2026-05-01,RKLB,,,,Data Unavailable,,2026-05-01T22:34:27
2026-05-01,LUNR,,,,Data Unavailable,,2026-05-01T22:34:27
2026-05-01,TMDX,,,,Data Unavailable,,2026-05-01T22:34:27
2026-05-01,ISRG,,,,Data Unavailable,,2026-05-01T22:34:27
2026-05-01,NTRA,,,,Data Unavailable,,2026-05-01T22:34:27
2026-05-01,TMO,,,,Data Unavailable,,2026-05-01T22:34:27
2026-05-01,DHR,,,,Data Unavailable,,2026-05-01T22:34:27
2026-05-01,NFLX,,,,Data Unavailable,,2026-05-01T22:34:27
2026-05-01,META,,,,Data Unavailable,,2026-05-01T22:34:27
2026-05-01,AMZN,,,,Data Unavailable,,2026-05-01T22:34:27
2026-05-01,MSFT,,,,Data Unavailable,,2026-05-01T22:34:27
2026-05-01,GOOGL,,,,Data Unavailable,,2026-05-01T22:34:27
2026-05-01,TSLA,,,,Data Unavailable,,2026-05-01T22:34:27
2026-05-01,PYPL,,,,Data Unavailable,,2026-05-01T22:34:27
2026-05-01,SBUX,,,,Data Unavailable,,2026-05-01T22:34:27
2026-05-01,DIS,,,,Data Unavailable,,2026-05-01T22:34:27
2026-05-01,SHOP,,,,Data Unavailable,,2026-05-01T22:34:27
2026-05-01,MELI,,,,Data Unavailable,,2026-05-01T22:34:27
2026-05-01,UBER,,,,Data Unavailable,,2026-05-01T22:34:27
2026-05-01,ABNB,,,,Data Unavailable,,2026-05-01T22:34:27
2026-05-01,BKNG,,,,Data Unavailable,,2026-05-01T22:34:27
2026-05-01,SPOT,,,,Data Unavailable,,2026-05-01T22:34:27
2026-05-01,NVDA,201.5500030517578,-0.06952586453145526,71.5,Watchlist, |  | ,2026-05-01T22:41:39
2026-05-01,AVGO,421.30999755859375,-0.003429870786111344,71.4,Research Now, |  | ,2026-05-01T22:41:39
2026-05-01,AMD,357.2950134277344,0.0,72.0,Research Now, |  | ,2026-05-01T22:41:39
2026-05-01,MU,524.10498046875,-0.0008674262085586193,73.1,Research Now, |  | ,2026-05-01T22:41:39
2026-05-01,TSM,399.7598876953125,-0.012889829496280591,70.8,Research Now, |  | ,2026-05-01T22:41:39
2026-05-01,ANET,176.63999938964844,-0.006132877758921462,70.0,Research Now, |  | ,2026-05-01T22:41:39
2026-05-01,CRDO,175.71499633789062,-0.09908222730448679,74.2,Research Now, |  | ,2026-05-01T22:41:39
2026-05-01,ALAB,199.6699981689453,-0.20728126767409727,77.6,Too Crowded, |  | ,2026-05-01T22:41:39
2026-05-01,CLS,413.5,-0.020629524718400294,68.1,Research Now, |  | ,2026-05-01T22:41:39
2026-05-01,VRT,329.14990234375,0.0,69.5,Research Now, |  | ,2026-05-01T22:41:39
2026-05-01,ETN,429.9549865722656,-0.007055317716588072,67.1,Watchlist, |  | ,2026-05-01T22:41:39
2026-05-01,CEG,312.1449890136719,-0.22726827681418105,71.1,Research Now, |  | ,2026-05-01T22:41:39
2026-05-01,VST,158.30999755859375,-0.27354075399788746,70.5,Quality Dislocation, |  | ,2026-05-01T22:41:39
2026-05-01,CCJ,121.18000030517578,-0.09627859188080823,65.4,Too Crowded, |  | ,2026-05-01T22:41:39
2026-05-01,AXON,404.0790100097656,-0.5360586201570683,65.4,Watchlist, |  | ,2026-05-01T22:41:39
2026-05-01,PLTR,145.13999938964844,-0.29944973201741554,71.2,Quality Dislocation, |  | ,2026-05-01T22:41:39
2026-05-01,LMT,515.02001953125,-0.23892417579315262,68.4,Research Now, |  | ,2026-05-01T22:41:39
2026-05-01,NOC,574.8499755859375,-0.25151693840378153,67.9,Quality Dislocation, |  | ,2026-05-01T22:41:39
2026-05-01,RTX,175.00999450683594,-0.1751037354544891,66.8,Watchlist, |  | ,2026-05-01T22:41:39
2026-05-01,HII,361.927490234375,-0.20232851812554964,67.8,Research Now, |  | ,2026-05-01T22:41:39
2026-05-01,RKLB,81.59739685058594,-0.15267503359547918,65.0,Too Crowded, |  | ,2026-05-01T22:41:39
2026-05-01,LUNR,24.809999465942383,-0.1713427179895909,63.9,Too Crowded, |  | ,2026-05-01T22:41:39
2026-05-01,TMDX,99.23999786376953,-0.3402473137095281,67.2,Quality Dislocation, |  | ,2026-05-01T22:41:39
2026-05-01,ISRG,456.8500061035156,-0.2294003121919802,70.2,Research Now, |  | ,2026-05-01T22:41:39
2026-05-01,NTRA,201.9250030517578,-0.20626962304912122,66.4,Research Now, |  | ,2026-05-01T22:41:39
2026-05-01,TMO,472.3399963378906,-0.2613339786989265,69.1,Quality Dislocation, |  | ,2026-05-01T22:41:39
2026-05-01,DHR,177.75,-0.265647602731112,69.4,Quality Dislocation, |  | ,2026-05-01T22:41:39
2026-05-01,NFLX,94.27570343017578,-0.295992865641567,69.9,Quality Dislocation, |  | ,2026-05-01T22:41:39
2026-05-01,META,612.260009765625,-0.2249873294106013,70.6,Research Now, |  | ,2026-05-01T22:41:39
2026-05-01,AMZN,264.5150146484375,-0.0020560737764127035,64.2,Watchlist, |  | ,2026-05-01T22:41:39
2026-05-01,MSFT,415.3550109863281,-0.2337613124241733,71.2,Research Now, |  | ,2026-05-01T22:41:39
2026-05-01,GOOGL,382.29998779296875,-0.00649688170298246,66.9,Research Now, |  | ,2026-05-01T22:41:39
2026-05-01,TSLA,382.5199890136719,-0.21915574181237085,63.0,Watchlist, |  | ,2026-05-01T22:41:39
2026-05-01,PYPL,50.5099983215332,-0.3542572547523266,68.2,Quality Dislocation, |  | ,2026-05-01T22:41:39
2026-05-01,SBUX,106.91999816894531,0.0,58.2,Watchlist, |  | ,2026-05-01T22:41:39
2026-05-01,DIS,103.54000091552734,-0.16506734027966485,62.2,Watchlist, |  | ,2026-05-01T22:41:39
2026-05-01,SHOP,126.68000030517578,-0.29233001400746816,67.9,Quality Dislocation, |  | ,2026-05-01T22:41:39
2026-05-01,MELI,1818.18505859375,-0.3043448613170814,68.0,Quality Dislocation, |  | ,2026-05-01T22:41:39
2026-05-01,UBER,74.88500213623047,-0.2518980691534123,66.0,Quality Dislocation, |  | ,2026-05-01T22:41:39
2026-05-01,ABNB,141.0749969482422,-0.021535551985505275,60.8,Watchlist, |  | ,2026-05-01T22:41:39
2026-05-01,BKNG,168.75,-0.27462033695863564,67.3,Quality Dislocation, |  | ,2026-05-01T22:41:39
2026-05-01,SPOT,447.0,-0.4238948499356452,65.3,Research Now, |  | ,2026-05-01T22:41:39
2026-05-01,NVDA,201.5500030517578,-0.06952586453145526,71.5,Watchlist, |  | ,2026-05-01T22:42:15
2026-05-01,AVGO,421.30999755859375,-0.003429870786111344,71.4,Research Now, |  | ,2026-05-01T22:42:15
2026-05-01,AMD,357.2950134277344,0.0,72.0,Research Now, |  | ,2026-05-01T22:42:15
2026-05-01,MU,524.10498046875,-0.0008674262085586193,73.1,Research Now, |  | ,2026-05-01T22:42:15
2026-05-01,TSM,399.7598876953125,-0.012889829496280591,70.8,Research Now, |  | ,2026-05-01T22:42:15
2026-05-01,ANET,176.63999938964844,-0.006132877758921462,70.0,Research Now, |  | ,2026-05-01T22:42:15
2026-05-01,CRDO,175.71499633789062,-0.09908222730448679,74.2,Research Now, |  | ,2026-05-01T22:42:15
2026-05-01,ALAB,199.6699981689453,-0.20728126767409727,77.6,Too Crowded, |  | ,2026-05-01T22:42:15
2026-05-01,CLS,413.5,-0.020629524718400294,68.1,Research Now, |  | ,2026-05-01T22:42:15
2026-05-01,VRT,329.14990234375,0.0,69.5,Research Now, |  | ,2026-05-01T22:42:15
2026-05-01,ETN,429.9549865722656,-0.007055317716588072,67.1,Watchlist, |  | ,2026-05-01T22:42:15
2026-05-01,CEG,312.1449890136719,-0.22726827681418105,71.1,Research Now, |  | ,2026-05-01T22:42:15
2026-05-01,VST,158.30999755859375,-0.27354075399788746,70.5,Quality Dislocation, |  | ,2026-05-01T22:42:15
2026-05-01,CCJ,121.18000030517578,-0.09627859188080823,65.4,Too Crowded, |  | ,2026-05-01T22:42:15
2026-05-01,AXON,404.0790100097656,-0.5360586201570683,65.4,Watchlist, |  | ,2026-05-01T22:42:15
2026-05-01,PLTR,145.13999938964844,-0.29944973201741554,71.2,Quality Dislocation, |  | ,2026-05-01T22:42:15
2026-05-01,LMT,515.02001953125,-0.23892417579315262,68.4,Research Now, |  | ,2026-05-01T22:42:15
2026-05-01,NOC,574.8499755859375,-0.25151693840378153,67.9,Quality Dislocation, |  | ,2026-05-01T22:42:15
2026-05-01,RTX,175.00999450683594,-0.1751037354544891,66.8,Watchlist, |  | ,2026-05-01T22:42:15
2026-05-01,HII,361.927490234375,-0.20232851812554964,67.8,Research Now, |  | ,2026-05-01T22:42:15
2026-05-01,RKLB,81.59739685058594,-0.15267503359547918,65.0,Too Crowded, |  | ,2026-05-01T22:42:15
2026-05-01,LUNR,24.809999465942383,-0.1713427179895909,63.9,Too Crowded, |  | ,2026-05-01T22:42:15
2026-05-01,TMDX,99.23999786376953,-0.3402473137095281,67.2,Quality Dislocation, |  | ,2026-05-01T22:42:15
2026-05-01,ISRG,456.8500061035156,-0.2294003121919802,70.2,Research Now, |  | ,2026-05-01T22:42:15
2026-05-01,NTRA,201.9250030517578,-0.20626962304912122,66.4,Research Now, |  | ,2026-05-01T22:42:15
2026-05-01,TMO,472.3399963378906,-0.2613339786989265,69.1,Quality Dislocation, |  | ,2026-05-01T22:42:15
2026-05-01,DHR,177.75,-0.265647602731112,69.4,Quality Dislocation, |  | ,2026-05-01T22:42:15
2026-05-01,NFLX,94.27570343017578,-0.295992865641567,69.9,Quality Dislocation, |  | ,2026-05-01T22:42:15
2026-05-01,META,612.260009765625,-0.2249873294106013,70.6,Research Now, |  | ,2026-05-01T22:42:15
2026-05-01,AMZN,264.5150146484375,-0.0020560737764127035,64.2,Watchlist, |  | ,2026-05-01T22:42:15
2026-05-01,MSFT,415.3550109863281,-0.2337613124241733,71.2,Research Now, |  | ,2026-05-01T22:42:15
2026-05-01,GOOGL,382.29998779296875,-0.00649688170298246,66.9,Research Now, |  | ,2026-05-01T22:42:15
2026-05-01,TSLA,382.5199890136719,-0.21915574181237085,63.0,Watchlist, |  | ,2026-05-01T22:42:15
2026-05-01,PYPL,50.5099983215332,-0.3542572547523266,68.2,Quality Dislocation, |  | ,2026-05-01T22:42:15
2026-05-01,SBUX,106.91999816894531,0.0,58.2,Watchlist, |  | ,2026-05-01T22:42:15
2026-05-01,DIS,103.54000091552734,-0.16506734027966485,62.2,Watchlist, |  | ,2026-05-01T22:42:15
2026-05-01,SHOP,126.68000030517578,-0.29233001400746816,67.9,Quality Dislocation, |  | ,2026-05-01T22:42:15
2026-05-01,MELI,1818.18505859375,-0.3043448613170814,68.0,Quality Dislocation, |  | ,2026-05-01T22:42:15
2026-05-01,UBER,74.88500213623047,-0.2518980691534123,66.0,Quality Dislocation, |  | ,2026-05-01T22:42:15
2026-05-01,ABNB,141.0749969482422,-0.021535551985505275,60.8,Watchlist, |  | ,2026-05-01T22:42:15
2026-05-01,BKNG,168.75,-0.27462033695863564,67.3,Quality Dislocation, |  | ,2026-05-01T22:42:15
2026-05-01,SPOT,447.0,-0.4238948499356452,65.3,Research Now, |  | ,2026-05-01T22:42:15
2026-05-01,NVDA,201.5500030517578,-0.06952586453145526,71.5,Watchlist, |  | ,2026-05-01T22:43:01
2026-05-01,AVGO,421.30999755859375,-0.003429870786111344,71.4,Research Now, |  | ,2026-05-01T22:43:01
2026-05-01,AMD,357.2950134277344,0.0,72.0,Research Now, |  | ,2026-05-01T22:43:01
2026-05-01,MU,524.10498046875,-0.0008674262085586193,73.1,Research Now, |  | ,2026-05-01T22:43:01
2026-05-01,TSM,399.7598876953125,-0.012889829496280591,70.8,Research Now, |  | ,2026-05-01T22:43:01
2026-05-01,ANET,176.63999938964844,-0.006132877758921462,70.0,Research Now, |  | ,2026-05-01T22:43:01
2026-05-01,CRDO,175.71499633789062,-0.09908222730448679,74.2,Research Now, |  | ,2026-05-01T22:43:01
2026-05-01,ALAB,199.6699981689453,-0.20728126767409727,77.6,Too Crowded, |  | ,2026-05-01T22:43:01
2026-05-01,CLS,413.5,-0.020629524718400294,68.1,Research Now, |  | ,2026-05-01T22:43:01
2026-05-01,VRT,329.14990234375,0.0,69.5,Research Now, |  | ,2026-05-01T22:43:01
2026-05-01,ETN,429.9549865722656,-0.007055317716588072,67.1,Watchlist, |  | ,2026-05-01T22:43:01
2026-05-01,CEG,312.1449890136719,-0.22726827681418105,71.1,Research Now, |  | ,2026-05-01T22:43:01
2026-05-01,VST,158.30999755859375,-0.27354075399788746,70.5,Quality Dislocation, |  | ,2026-05-01T22:43:01
2026-05-01,CCJ,121.18000030517578,-0.09627859188080823,65.4,Too Crowded, |  | ,2026-05-01T22:43:01
2026-05-01,AXON,404.0790100097656,-0.5360586201570683,65.4,Watchlist, |  | ,2026-05-01T22:43:01
2026-05-01,PLTR,145.13999938964844,-0.29944973201741554,71.2,Quality Dislocation, |  | ,2026-05-01T22:43:01
2026-05-01,LMT,515.02001953125,-0.23892417579315262,68.4,Research Now, |  | ,2026-05-01T22:43:01
2026-05-01,NOC,574.8499755859375,-0.25151693840378153,67.9,Quality Dislocation, |  | ,2026-05-01T22:43:01
2026-05-01,RTX,175.00999450683594,-0.1751037354544891,66.8,Watchlist, |  | ,2026-05-01T22:43:01
2026-05-01,HII,361.927490234375,-0.20232851812554964,67.8,Research Now, |  | ,2026-05-01T22:43:01
2026-05-01,RKLB,81.59739685058594,-0.15267503359547918,65.0,Too Crowded, |  | ,2026-05-01T22:43:01
2026-05-01,LUNR,24.809999465942383,-0.1713427179895909,63.9,Too Crowded, |  | ,2026-05-01T22:43:01
2026-05-01,TMDX,99.23999786376953,-0.3402473137095281,67.2,Quality Dislocation, |  | ,2026-05-01T22:43:01
2026-05-01,ISRG,456.8500061035156,-0.2294003121919802,70.2,Research Now, |  | ,2026-05-01T22:43:01
2026-05-01,NTRA,201.9250030517578,-0.20626962304912122,66.4,Research Now, |  | ,2026-05-01T22:43:01
2026-05-01,TMO,472.3399963378906,-0.2613339786989265,69.1,Quality Dislocation, |  | ,2026-05-01T22:43:01
2026-05-01,DHR,177.75,-0.265647602731112,69.4,Quality Dislocation, |  | ,2026-05-01T22:43:01
2026-05-01,NFLX,94.27570343017578,-0.295992865641567,69.9,Quality Dislocation, |  | ,2026-05-01T22:43:01
2026-05-01,META,612.260009765625,-0.2249873294106013,70.6,Research Now, |  | ,2026-05-01T22:43:01
2026-05-01,AMZN,264.5150146484375,-0.0020560737764127035,64.2,Watchlist, |  | ,2026-05-01T22:43:01
2026-05-01,MSFT,415.3550109863281,-0.2337613124241733,71.2,Research Now, |  | ,2026-05-01T22:43:01
2026-05-01,GOOGL,382.29998779296875,-0.00649688170298246,66.9,Research Now, |  | ,2026-05-01T22:43:01
2026-05-01,TSLA,382.5199890136719,-0.21915574181237085,63.0,Watchlist, |  | ,2026-05-01T22:43:01
2026-05-01,PYPL,50.5099983215332,-0.3542572547523266,68.2,Quality Dislocation, |  | ,2026-05-01T22:43:01
2026-05-01,SBUX,106.91999816894531,0.0,58.2,Watchlist, |  | ,2026-05-01T22:43:01
2026-05-01,DIS,103.54000091552734,-0.16506734027966485,62.2,Watchlist, |  | ,2026-05-01T22:43:01
2026-05-01,SHOP,126.68000030517578,-0.29233001400746816,67.9,Quality Dislocation, |  | ,2026-05-01T22:43:01
2026-05-01,MELI,1818.18505859375,-0.3043448613170814,68.0,Quality Dislocation, |  | ,2026-05-01T22:43:01
2026-05-01,UBER,74.88500213623047,-0.2518980691534123,66.0,Quality Dislocation, |  | ,2026-05-01T22:43:01
2026-05-01,ABNB,141.0749969482422,-0.021535551985505275,60.8,Watchlist, |  | ,2026-05-01T22:43:01
2026-05-01,BKNG,168.75,-0.27462033695863564,67.3,Quality Dislocation, |  | ,2026-05-01T22:43:01
2026-05-01,SPOT,447.0,-0.4238948499356452,65.3,Research Now, |  | ,2026-05-01T22:43:01
2026-05-01,NVDA,201.5500030517578,-0.06952586453145526,71.5,Watchlist, |  | ,2026-05-01T23:08:00
2026-05-01,AVGO,421.30999755859375,-0.003429870786111344,71.4,Research Now, |  | ,2026-05-01T23:08:00
2026-05-01,AMD,357.2950134277344,0.0,72.0,Research Now, |  | ,2026-05-01T23:08:00
2026-05-01,MU,524.10498046875,-0.0008674262085586193,73.1,Research Now, |  | ,2026-05-01T23:08:00
2026-05-01,TSM,399.7598876953125,-0.012889829496280591,70.8,Research Now, |  | ,2026-05-01T23:08:00
2026-05-01,ANET,176.63999938964844,-0.006132877758921462,70.0,Research Now, |  | ,2026-05-01T23:08:00
2026-05-01,CRDO,175.71499633789062,-0.09908222730448679,74.2,Research Now, |  | ,2026-05-01T23:08:00
2026-05-01,ALAB,199.6699981689453,-0.20728126767409727,77.6,Too Crowded, |  | ,2026-05-01T23:08:00
2026-05-01,CLS,413.5,-0.020629524718400294,68.1,Research Now, |  | ,2026-05-01T23:08:00
2026-05-01,VRT,329.14990234375,0.0,69.5,Research Now, |  | ,2026-05-01T23:08:00
2026-05-01,ETN,429.9549865722656,-0.007055317716588072,67.1,Watchlist, |  | ,2026-05-01T23:08:00
2026-05-01,CEG,312.1449890136719,-0.22726827681418105,71.1,Research Now, |  | ,2026-05-01T23:08:00
2026-05-01,VST,158.30999755859375,-0.27354075399788746,70.5,Quality Dislocation, |  | ,2026-05-01T23:08:00
2026-05-01,CCJ,121.18000030517578,-0.09627859188080823,65.4,Too Crowded, |  | ,2026-05-01T23:08:00
2026-05-01,AXON,404.0790100097656,-0.5360586201570683,65.4,Watchlist, |  | ,2026-05-01T23:08:00
2026-05-01,PLTR,145.13999938964844,-0.29944973201741554,71.2,Quality Dislocation, |  | ,2026-05-01T23:08:00
2026-05-01,LMT,515.02001953125,-0.23892417579315262,68.4,Research Now, |  | ,2026-05-01T23:08:00
2026-05-01,NOC,574.8499755859375,-0.25151693840378153,67.9,Quality Dislocation, |  | ,2026-05-01T23:08:00
2026-05-01,RTX,175.00999450683594,-0.1751037354544891,66.8,Watchlist, |  | ,2026-05-01T23:08:00
2026-05-01,HII,361.927490234375,-0.20232851812554964,67.8,Research Now, |  | ,2026-05-01T23:08:00
2026-05-01,RKLB,81.59739685058594,-0.15267503359547918,65.0,Too Crowded, |  | ,2026-05-01T23:08:00
2026-05-01,LUNR,24.809999465942383,-0.1713427179895909,63.9,Too Crowded, |  | ,2026-05-01T23:08:00
2026-05-01,TMDX,99.23999786376953,-0.3402473137095281,67.2,Quality Dislocation, |  | ,2026-05-01T23:08:00
2026-05-01,ISRG,456.8500061035156,-0.2294003121919802,70.2,Research Now, |  | ,2026-05-01T23:08:00
2026-05-01,NTRA,201.9250030517578,-0.20626962304912122,66.4,Research Now, |  | ,2026-05-01T23:08:00
2026-05-01,TMO,472.3399963378906,-0.2613339786989265,69.1,Quality Dislocation, |  | ,2026-05-01T23:08:00
2026-05-01,DHR,177.75,-0.265647602731112,69.4,Quality Dislocation, |  | ,2026-05-01T23:08:00
2026-05-01,NFLX,94.27570343017578,-0.295992865641567,69.9,Quality Dislocation, |  | ,2026-05-01T23:08:00
2026-05-01,META,612.260009765625,-0.2249873294106013,70.6,Research Now, |  | ,2026-05-01T23:08:00
2026-05-01,AMZN,264.5150146484375,-0.0020560737764127035,64.2,Watchlist, |  | ,2026-05-01T23:08:00
2026-05-01,MSFT,415.3550109863281,-0.2337613124241733,71.2,Research Now, |  | ,2026-05-01T23:08:00
2026-05-01,GOOGL,382.29998779296875,-0.00649688170298246,66.9,Research Now, |  | ,2026-05-01T23:08:00
2026-05-01,TSLA,382.5199890136719,-0.21915574181237085,63.0,Watchlist, |  | ,2026-05-01T23:08:00
2026-05-01,PYPL,50.5099983215332,-0.3542572547523266,68.2,Quality Dislocation, |  | ,2026-05-01T23:08:00
2026-05-01,SBUX,106.91999816894531,0.0,58.2,Watchlist, |  | ,2026-05-01T23:08:00
2026-05-01,DIS,103.54000091552734,-0.16506734027966485,62.2,Watchlist, |  | ,2026-05-01T23:08:00
2026-05-01,SHOP,126.68000030517578,-0.29233001400746816,67.9,Quality Dislocation, |  | ,2026-05-01T23:08:00
2026-05-01,MELI,1818.18505859375,-0.3043448613170814,68.0,Quality Dislocation, |  | ,2026-05-01T23:08:00
2026-05-01,UBER,74.88500213623047,-0.2518980691534123,66.0,Quality Dislocation, |  | ,2026-05-01T23:08:00
2026-05-01,ABNB,141.0749969482422,-0.021535551985505275,60.8,Watchlist, |  | ,2026-05-01T23:08:00
2026-05-01,BKNG,168.75,-0.27462033695863564,67.3,Quality Dislocation, |  | ,2026-05-01T23:08:00
2026-05-01,SPOT,447.0,-0.4238948499356452,65.3,Research Now, |  | ,2026-05-01T23:08:00
2026-05-01,NVDA,199.8350067138672,-0.07744330293715307,71.5,Watchlist, |  | ,2026-05-01T23:18:24
2026-05-01,AVGO,419.6099853515625,-0.007451093625929439,71.4,Research Now, |  | ,2026-05-01T23:18:24
2026-05-01,AMD,354.1700134277344,-0.0009026398923960288,72.6,Research Now, |  | ,2026-05-01T23:18:24
2026-05-01,MU,545.489990234375,0.0,73.7,Research Now, |  | ,2026-05-01T23:18:24
2026-05-01,TSM,400.8699951171875,-0.010148688225699587,70.8,Research Now, |  | ,2026-05-01T23:18:24
2026-05-01,ANET,175.85000610351562,-0.01057778466897319,70.0,Research Now, |  | ,2026-05-01T23:18:24
2026-05-01,CRDO,174.2100067138672,-0.10679854024454905,76.0,Research Now, |  | ,2026-05-01T23:18:24
2026-05-01,ALAB,201.65499877929688,-0.19940052854486356,75.4,Too Crowded, |  | ,2026-05-01T23:18:24
2026-05-01,CLS,416.3299865722656,-0.01392673077808515,68.2,Research Now, |  | ,2026-05-01T23:18:24
2026-05-01,VRT,329.19989013671875,0.0,69.5,Research Now, |  | ,2026-05-01T23:18:24
2026-05-01,ETN,428.2449951171875,-0.011004398376417757,67.0,Watchlist, |  | ,2026-05-01T23:18:24
2026-05-01,CEG,315.5,-0.2189627665160191,71.2,Research Now, |  | ,2026-05-01T23:18:24
2026-05-01,VST,159.72000122070312,-0.2670704728215071,70.6,Quality Dislocation, |  | ,2026-05-01T23:18:24
2026-05-01,CCJ,121.05249786376953,-0.09722946401809252,65.4,Too Crowded, |  | ,2026-05-01T23:18:24
2026-05-01,AXON,400.2300109863281,-0.5404778299494911,65.3,Watchlist, |  | ,2026-05-01T23:18:24
2026-05-01,PLTR,141.82000732421875,-0.315474407096081,72.4,Quality Dislocation, |  | ,2026-05-01T23:18:24
2026-05-01,LMT,514.4299926757812,-0.23979609369595334,68.4,Research Now, |  | ,2026-05-01T23:18:24
2026-05-01,NOC,573.75,-0.2529491609474189,67.9,Quality Dislocation, |  | ,2026-05-01T23:18:24
2026-05-01,RTX,174.9550018310547,-0.1753629392385767,66.8,Watchlist, |  | ,2026-05-01T23:18:24
2026-05-01,HII,363.9100036621094,-0.1979591500438026,65.4,Watchlist, |  | ,2026-05-01T23:18:24
2026-05-01,RKLB,80.3499984741211,-0.1656282873538868,64.8,Too Crowded, |  | ,2026-05-01T23:18:24
2026-05-01,LUNR,24.670000076293945,-0.17601871622443344,63.8,Too Crowded, |  | ,2026-05-01T23:18:24
2026-05-01,TMDX,101.26000213623047,-0.3268182198586417,67.4,Quality Dislocation, |  | ,2026-05-01T23:18:24
2026-05-01,ISRG,459.1199951171875,-0.22557136877095973,70.3,Research Now, |  | ,2026-05-01T23:18:24
2026-05-01,NTRA,203.66000366210938,-0.19944965193285802,64.1,Watchlist, |  | ,2026-05-01T23:18:24
2026-05-01,TMO,474.6449890136719,-0.25772932996676734,69.1,Quality Dislocation, |  | ,2026-05-01T23:18:24
2026-05-01,DHR,176.97000122070312,-0.2688700723426083,69.3,Quality Dislocation, |  | ,2026-05-01T23:18:24
2026-05-01,NFLX,93.69999694824219,-0.30029197406325936,71.3,Quality Dislocation, |  | ,2026-05-01T23:18:24
2026-05-01,META,611.8300170898438,-0.22553162393690662,70.6,Research Now, |  | ,2026-05-01T23:18:24
2026-05-01,AMZN,272.58990478515625,0.0,64.6,Research Now, |  | ,2026-05-01T23:18:24
2026-05-01,MSFT,411.6600036621094,-0.2405777886621009,71.1,Research Now, |  | ,2026-05-01T23:18:24
2026-05-01,GOOGL,384.0799865722656,-0.0018711051027644476,66.9,Research Now, |  | ,2026-05-01T23:18:24
2026-05-01,TSLA,385.22979736328125,-0.2136241660742314,63.1,Watchlist, |  | ,2026-05-01T23:18:24
2026-05-01,PYPL,50.5099983215332,-0.3542572547523266,68.2,Quality Dislocation, |  | ,2026-05-01T23:18:24
2026-05-01,SBUX,106.93499755859375,0.0,58.2,Watchlist, |  | ,2026-05-01T23:18:24
2026-05-01,DIS,103.7699966430664,-0.16321268562619262,62.2,Watchlist, |  | ,2026-05-01T23:18:24
2026-05-01,SHOP,125.4000015258789,-0.2994804459306869,67.8,Quality Dislocation, |  | ,2026-05-01T23:18:24
2026-05-01,MELI,1819.9649658203125,-0.30366385164609955,68.0,Quality Dislocation, |  | ,2026-05-01T23:18:24
2026-05-01,UBER,74.86000061035156,-0.2521478346505154,66.0,Quality Dislocation, |  | ,2026-05-01T23:18:24
2026-05-01,ABNB,141.94000244140625,-0.015536068443366413,60.9,Watchlist, |  | ,2026-05-01T23:18:24
2026-05-01,BKNG,170.50999450683594,-0.2670549193448679,67.4,Quality Dislocation, |  | ,2026-05-01T23:18:24
2026-05-01,SPOT,437.2550048828125,-0.43645445144428885,65.1,Research Now, |  | ,2026-05-01T23:18:24
2026-05-01,NVDA,199.8350067138672,-0.07744330293715307,71.5,Watchlist, |  | ,2026-05-01T23:23:25
2026-05-01,AVGO,419.6099853515625,-0.007451093625929439,71.4,Research Now, |  | ,2026-05-01T23:23:25
2026-05-01,AMD,354.1700134277344,-0.0009026398923960288,72.6,Research Now, |  | ,2026-05-01T23:23:25
2026-05-01,MU,545.489990234375,0.0,73.7,Research Now, |  | ,2026-05-01T23:23:25
2026-05-01,TSM,400.8699951171875,-0.010148688225699587,70.8,Research Now, |  | ,2026-05-01T23:23:25
2026-05-01,ANET,175.85000610351562,-0.01057778466897319,70.0,Research Now, |  | ,2026-05-01T23:23:25
2026-05-01,CRDO,174.2100067138672,-0.10679854024454905,76.0,Research Now, |  | ,2026-05-01T23:23:25
2026-05-01,ALAB,201.65499877929688,-0.19940052854486356,75.4,Too Crowded, |  | ,2026-05-01T23:23:25
2026-05-01,CLS,416.3299865722656,-0.01392673077808515,68.2,Research Now, |  | ,2026-05-01T23:23:25
2026-05-01,VRT,329.19989013671875,0.0,69.5,Research Now, |  | ,2026-05-01T23:23:25
2026-05-01,ETN,428.2449951171875,-0.011004398376417757,67.0,Watchlist, |  | ,2026-05-01T23:23:25
2026-05-01,CEG,315.5,-0.2189627665160191,71.2,Research Now, |  | ,2026-05-01T23:23:25
2026-05-01,VST,159.72000122070312,-0.2670704728215071,70.6,Quality Dislocation, |  | ,2026-05-01T23:23:25
2026-05-01,CCJ,121.05249786376953,-0.09722946401809252,65.4,Too Crowded, |  | ,2026-05-01T23:23:25
2026-05-01,AXON,400.2300109863281,-0.5404778299494911,65.3,Watchlist, |  | ,2026-05-01T23:23:25
2026-05-01,PLTR,141.82000732421875,-0.315474407096081,72.4,Quality Dislocation, |  | ,2026-05-01T23:23:25
2026-05-01,LMT,514.4299926757812,-0.23979609369595334,68.4,Research Now, |  | ,2026-05-01T23:23:25
2026-05-01,NOC,573.75,-0.2529491609474189,67.9,Quality Dislocation, |  | ,2026-05-01T23:23:25
2026-05-01,RTX,174.9550018310547,-0.1753629392385767,66.8,Watchlist, |  | ,2026-05-01T23:23:25
2026-05-01,HII,363.9100036621094,-0.1979591500438026,65.4,Watchlist, |  | ,2026-05-01T23:23:25
2026-05-01,RKLB,80.3499984741211,-0.1656282873538868,64.8,Too Crowded, |  | ,2026-05-01T23:23:25
2026-05-01,LUNR,24.670000076293945,-0.17601871622443344,63.8,Too Crowded, |  | ,2026-05-01T23:23:25
2026-05-01,TMDX,101.26000213623047,-0.3268182198586417,67.4,Quality Dislocation, |  | ,2026-05-01T23:23:25
2026-05-01,ISRG,459.1199951171875,-0.22557136877095973,70.3,Research Now, |  | ,2026-05-01T23:23:25
2026-05-01,NTRA,203.66000366210938,-0.19944965193285802,64.1,Watchlist, |  | ,2026-05-01T23:23:25
2026-05-01,TMO,474.6449890136719,-0.25772932996676734,69.1,Quality Dislocation, |  | ,2026-05-01T23:23:25
2026-05-01,DHR,176.97000122070312,-0.2688700723426083,69.3,Quality Dislocation, |  | ,2026-05-01T23:23:25
2026-05-01,NFLX,93.69999694824219,-0.30029197406325936,71.3,Quality Dislocation, |  | ,2026-05-01T23:23:25
2026-05-01,META,611.8300170898438,-0.22553162393690662,70.6,Research Now, |  | ,2026-05-01T23:23:25
2026-05-01,AMZN,272.58990478515625,0.0,64.6,Research Now, |  | ,2026-05-01T23:23:25
2026-05-01,MSFT,411.6600036621094,-0.2405777886621009,71.1,Research Now, |  | ,2026-05-01T23:23:25
2026-05-01,GOOGL,384.0799865722656,-0.0018711051027644476,66.9,Research Now, |  | ,2026-05-01T23:23:25
2026-05-01,TSLA,385.22979736328125,-0.2136241660742314,63.1,Watchlist, |  | ,2026-05-01T23:23:25
2026-05-01,PYPL,50.5099983215332,-0.3542572547523266,68.2,Quality Dislocation, |  | ,2026-05-01T23:23:25
2026-05-01,SBUX,106.93499755859375,0.0,58.2,Watchlist, |  | ,2026-05-01T23:23:25
2026-05-01,DIS,103.7699966430664,-0.16321268562619262,62.2,Watchlist, |  | ,2026-05-01T23:23:25
2026-05-01,SHOP,125.4000015258789,-0.2994804459306869,67.8,Quality Dislocation, |  | ,2026-05-01T23:23:25
2026-05-01,MELI,1819.9649658203125,-0.30366385164609955,68.0,Quality Dislocation, |  | ,2026-05-01T23:23:25
2026-05-01,UBER,74.86000061035156,-0.2521478346505154,66.0,Quality Dislocation, |  | ,2026-05-01T23:23:25
2026-05-01,ABNB,141.94000244140625,-0.015536068443366413,60.9,Watchlist, |  | ,2026-05-01T23:23:25
2026-05-01,BKNG,170.50999450683594,-0.2670549193448679,67.4,Quality Dislocation, |  | ,2026-05-01T23:23:25
2026-05-01,SPOT,437.2550048828125,-0.43645445144428885,65.1,Research Now, |  | ,2026-05-01T23:23:25
2026-05-01,NVDA,199.69000244140625,-0.07811272850408146,71.4,Watchlist, |  | ,2026-05-01T23:58:33
2026-05-01,AVGO,420.0299987792969,-0.006457590413628811,71.4,Research Now, |  | ,2026-05-01T23:58:33
2026-05-01,AMD,352.19000244140625,-0.0064881600505788395,72.6,Research Now, |  | ,2026-05-01T23:58:33
2026-05-01,MU,529.5800170898438,0.0,73.3,Research Now, |  | ,2026-05-01T23:58:33
2026-05-01,TSM,398.05450439453125,-0.017100860299079534,70.8,Research Now, |  | ,2026-05-01T23:58:33
2026-05-01,ANET,175.00999450683594,-0.015304120216560912,69.9,Research Now, |  | ,2026-05-01T23:58:33
2026-05-01,CRDO,173.80999755859375,-0.10884944861741086,76.0,Research Now, |  | ,2026-05-01T23:58:33
2026-05-01,ALAB,200.8300018310547,-0.20267588558888938,77.7,Too Crowded, |  | ,2026-05-01T23:58:33
2026-05-01,CLS,414.2900085449219,-0.018758397646776004,68.1,Research Now, |  | ,2026-05-01T23:58:33
2026-05-01,VRT,326.6600036621094,-0.00557090513156866,69.3,Research Now, |  | ,2026-05-01T23:58:33
2026-05-01,ETN,424.5199890136719,-0.01960698496681057,66.9,Watchlist, |  | ,2026-05-01T23:58:33
2026-05-01,CEG,315.2250061035156,-0.2196435287097913,71.2,Research Now, |  | ,2026-05-01T23:58:33
2026-05-01,VST,159.0449981689453,-0.27016795381191405,70.6,Quality Dislocation, |  | ,2026-05-01T23:58:33
2026-05-01,CCJ,119.11000061035156,-0.11171598282239703,67.2,Too Crowded, |  | ,2026-05-01T23:58:33
2026-05-01,AXON,401.75,-0.5387326618440457,65.3,Watchlist, |  | ,2026-05-01T23:58:33
2026-05-01,PLTR,143.76499938964844,-0.3060864732502032,72.5,Quality Dislocation, |  | ,2026-05-01T23:58:33
2026-05-01,LMT,514.292724609375,-0.23999894291115953,68.4,Research Now, |  | ,2026-05-01T23:58:33
2026-05-01,NOC,573.60498046875,-0.2531379835400104,67.9,Quality Dislocation, |  | ,2026-05-01T23:58:33
2026-05-01,RTX,174.35000610351562,-0.17821454046923368,66.8,Watchlist, |  | ,2026-05-01T23:58:33
2026-05-01,HII,361.1000061035156,-0.20415225495322953,67.7,Research Now, |  | ,2026-05-01T23:58:33
2026-05-01,RKLB,80.41999816894531,-0.16490139542651483,64.8,Too Crowded, |  | ,2026-05-01T23:58:33
2026-05-01,LUNR,24.924999237060547,-0.16750171033872763,63.9,Too Crowded, |  | ,2026-05-01T23:58:33
2026-05-01,TMDX,100.33000183105469,-0.33300091043500535,67.3,Quality Dislocation, |  | ,2026-05-01T23:58:33
2026-05-01,ISRG,459.4100036621094,-0.22508219181748979,70.3,Research Now, |  | ,2026-05-01T23:58:33
2026-05-01,NTRA,205.77000427246094,-0.1911556241774559,64.2,Watchlist, |  | ,2026-05-01T23:58:33
2026-05-01,TMO,472.5450134277344,-0.26101336397388164,69.1,Quality Dislocation, |  | ,2026-05-01T23:58:33
2026-05-01,DHR,175.6999969482422,-0.2741169397520228,69.3,Quality Dislocation, |  | ,2026-05-01T23:58:33
2026-05-01,NFLX,94.29000091552734,-0.2958860986663585,69.9,Quality Dislocation, |  | ,2026-05-01T23:58:33
2026-05-01,META,611.8250122070312,-0.22553795923160602,70.6,Research Now, |  | ,2026-05-01T23:58:33
2026-05-01,AMZN,270.05499267578125,0.0,64.4,Research Now, |  | ,2026-05-01T23:58:33
2026-05-01,MSFT,413.635009765625,-0.23693433656766627,71.1,Research Now, |  | ,2026-05-01T23:58:33
2026-05-01,GOOGL,384.8901062011719,0.0,66.9,Research Now, |  | ,2026-05-01T23:58:33
2026-05-01,TSLA,390.67999267578125,-0.20249859397866532,63.2,Watchlist, |  | ,2026-05-01T23:58:33
2026-05-01,PYPL,50.52000045776367,-0.35412938290274365,68.2,Quality Dislocation, |  | ,2026-05-01T23:58:33
2026-05-01,SBUX,106.52999877929688,0.0,58.1,Watchlist, |  | ,2026-05-01T23:58:33
2026-05-01,DIS,103.63999938964844,-0.16426096601631124,62.2,Watchlist, |  | ,2026-05-01T23:58:33
2026-05-01,SHOP,125.87000274658203,-0.29685488738576893,67.8,Quality Dislocation, |  | ,2026-05-01T23:58:33
2026-05-01,MELI,1825.3699951171875,-0.3015958353089666,68.0,Quality Dislocation, |  | ,2026-05-01T23:58:33
2026-05-01,UBER,75.1500015258789,-0.24925072256312297,66.0,Watchlist, |  | ,2026-05-01T23:58:33
2026-05-01,ABNB,142.3699951171875,-0.012553735958801937,60.9,Watchlist, |  | ,2026-05-01T23:58:33
2026-05-01,BKNG,170.1199951171875,-0.26873134972027246,67.4,Quality Dislocation, |  | ,2026-05-01T23:58:33
2026-05-01,SPOT,444.2200012207031,-0.4274777841949865,65.2,Research Now, |  | ,2026-05-01T23:58:33
2026-05-02,NVDA,199.69000244140625,-0.07811272850408146,71.4,Watchlist, |  | ,2026-05-02T00:01:02
2026-05-02,AVGO,420.0299987792969,-0.006457590413628811,71.4,Research Now, |  | ,2026-05-02T00:01:02
2026-05-02,AMD,352.19000244140625,-0.0064881600505788395,72.6,Research Now, |  | ,2026-05-02T00:01:02
2026-05-02,MU,529.5800170898438,0.0,73.3,Research Now, |  | ,2026-05-02T00:01:02
2026-05-02,TSM,398.05450439453125,-0.017100860299079534,70.8,Research Now, |  | ,2026-05-02T00:01:02
2026-05-02,ANET,175.00999450683594,-0.015304120216560912,69.9,Research Now, |  | ,2026-05-02T00:01:02
2026-05-02,CRDO,173.80999755859375,-0.10884944861741086,76.0,Research Now, |  | ,2026-05-02T00:01:02
2026-05-02,ALAB,200.8300018310547,-0.20267588558888938,77.7,Too Crowded, |  | ,2026-05-02T00:01:02
2026-05-02,CLS,414.2900085449219,-0.018758397646776004,68.1,Research Now, |  | ,2026-05-02T00:01:02
2026-05-02,VRT,326.6600036621094,-0.00557090513156866,69.3,Research Now, |  | ,2026-05-02T00:01:02
2026-05-02,ETN,424.5199890136719,-0.01960698496681057,66.9,Watchlist, |  | ,2026-05-02T00:01:02
2026-05-02,CEG,315.2250061035156,-0.2196435287097913,71.2,Research Now, |  | ,2026-05-02T00:01:02
2026-05-02,VST,159.0449981689453,-0.27016795381191405,70.6,Quality Dislocation, |  | ,2026-05-02T00:01:02
2026-05-02,CCJ,119.11000061035156,-0.11171598282239703,67.2,Too Crowded, |  | ,2026-05-02T00:01:02
2026-05-02,AXON,401.75,-0.5387326618440457,65.3,Watchlist, |  | ,2026-05-02T00:01:02
2026-05-02,PLTR,143.76499938964844,-0.3060864732502032,72.5,Quality Dislocation, |  | ,2026-05-02T00:01:02
2026-05-02,LMT,514.292724609375,-0.23999894291115953,68.4,Research Now, |  | ,2026-05-02T00:01:02
2026-05-02,NOC,573.60498046875,-0.2531379835400104,67.9,Quality Dislocation, |  | ,2026-05-02T00:01:02
2026-05-02,RTX,174.35000610351562,-0.17821454046923368,66.8,Watchlist, |  | ,2026-05-02T00:01:02
2026-05-02,HII,361.1000061035156,-0.20415225495322953,67.7,Research Now, |  | ,2026-05-02T00:01:02
2026-05-02,RKLB,80.41999816894531,-0.16490139542651483,64.8,Too Crowded, |  | ,2026-05-02T00:01:02
2026-05-02,LUNR,24.924999237060547,-0.16750171033872763,63.9,Too Crowded, |  | ,2026-05-02T00:01:02
2026-05-02,TMDX,100.33000183105469,-0.33300091043500535,67.3,Quality Dislocation, |  | ,2026-05-02T00:01:02
2026-05-02,ISRG,459.4100036621094,-0.22508219181748979,70.3,Research Now, |  | ,2026-05-02T00:01:02
2026-05-02,NTRA,205.77000427246094,-0.1911556241774559,64.2,Watchlist, |  | ,2026-05-02T00:01:02
2026-05-02,TMO,472.5450134277344,-0.26101336397388164,69.1,Quality Dislocation, |  | ,2026-05-02T00:01:02
2026-05-02,DHR,175.6999969482422,-0.2741169397520228,69.3,Quality Dislocation, |  | ,2026-05-02T00:01:02
2026-05-02,NFLX,94.29000091552734,-0.2958860986663585,69.9,Quality Dislocation, |  | ,2026-05-02T00:01:02
2026-05-02,META,611.8250122070312,-0.22553795923160602,70.6,Research Now, |  | ,2026-05-02T00:01:02
2026-05-02,AMZN,270.05499267578125,0.0,64.4,Research Now, |  | ,2026-05-02T00:01:02
2026-05-02,MSFT,413.635009765625,-0.23693433656766627,71.1,Research Now, |  | ,2026-05-02T00:01:02
2026-05-02,GOOGL,384.8901062011719,0.0,66.9,Research Now, |  | ,2026-05-02T00:01:02
2026-05-02,TSLA,390.67999267578125,-0.20249859397866532,63.2,Watchlist, |  | ,2026-05-02T00:01:02
2026-05-02,PYPL,50.52000045776367,-0.35412938290274365,68.2,Quality Dislocation, |  | ,2026-05-02T00:01:02
2026-05-02,SBUX,106.52999877929688,0.0,58.1,Watchlist, |  | ,2026-05-02T00:01:02
2026-05-02,DIS,103.63999938964844,-0.16426096601631124,62.2,Watchlist, |  | ,2026-05-02T00:01:02
2026-05-02,SHOP,125.87000274658203,-0.29685488738576893,67.8,Quality Dislocation, |  | ,2026-05-02T00:01:02
2026-05-02,MELI,1825.3699951171875,-0.3015958353089666,68.0,Quality Dislocation, |  | ,2026-05-02T00:01:02
2026-05-02,UBER,75.1500015258789,-0.24925072256312297,66.0,Watchlist, |  | ,2026-05-02T00:01:02
2026-05-02,ABNB,142.3699951171875,-0.012553735958801937,60.9,Watchlist, |  | ,2026-05-02T00:01:02
2026-05-02,BKNG,170.1199951171875,-0.26873134972027246,67.4,Quality Dislocation, |  | ,2026-05-02T00:01:02
2026-05-02,SPOT,444.2200012207031,-0.4274777841949865,65.2,Research Now, |  | ,2026-05-02T00:01:02
2026-05-02,NVDA,199.38999938964844,-0.07949772019842838,71.4,Watchlist, |  | ,2026-05-02T00:27:46
2026-05-02,AVGO,419.29998779296875,-0.008184364397603394,71.4,Research Now, |  | ,2026-05-02T00:27:46
2026-05-02,AMD,352.4599914550781,-0.0057265334289262615,72.6,Research Now, |  | ,2026-05-02T00:27:46
2026-05-02,MU,527.639892578125,0.0,73.2,Research Now, |  | ,2026-05-02T00:27:46
2026-05-02,TSM,398.1700134277344,-0.016815638732410543,70.8,Research Now, |  | ,2026-05-02T00:27:46
2026-05-02,ANET,174.94500732421875,-0.01566977139632475,69.9,Research Now, |  | ,2026-05-02T00:27:46
2026-05-02,CRDO,172.97999572753906,-0.11310499547767472,75.9,Research Now, |  | ,2026-05-02T00:27:46
2026-05-02,ALAB,200.19000244140625,-0.20521677560493579,77.7,Too Crowded, |  | ,2026-05-02T00:27:46
2026-05-02,CLS,412.5,-0.02299801438050819,68.0,Research Now, |  | ,2026-05-02T00:27:46
2026-05-02,VRT,325.44000244140625,-0.009284872853485115,69.3,Research Now, |  | ,2026-05-02T00:27:46
2026-05-02,ETN,423.42498779296875,-0.022135797687088843,66.9,Watchlist, |  | ,2026-05-02T00:27:46
2026-05-02,CEG,315.6700134277344,-0.2185418891237757,71.2,Research Now, |  | ,2026-05-02T00:27:46
2026-05-02,VST,159.4199981689453,-0.26844713881948146,70.6,Quality Dislocation, |  | ,2026-05-02T00:27:46
2026-05-02,CCJ,118.50499725341797,-0.11622790297644825,67.2,Too Crowded, |  | ,2026-05-02T00:27:46
2026-05-02,AXON,400.4949951171875,-0.5401735896888935,65.3,Watchlist, |  | ,2026-05-02T00:27:46
2026-05-02,PLTR,143.2449951171875,-0.30859638873839756,72.5,Quality Dislocation, |  | ,2026-05-02T00:27:46
2026-05-02,LMT,512.5,-0.2426481590734707,68.3,Research Now, |  | ,2026-05-02T00:27:46
2026-05-02,NOC,571.85498046875,-0.25541656997720774,67.9,Quality Dislocation, |  | ,2026-05-02T00:27:46
2026-05-02,RTX,173.60009765625,-0.18174917675468516,66.7,Watchlist, |  | ,2026-05-02T00:27:46
2026-05-02,HII,359.45001220703125,-0.2077887653372299,67.7,Research Now, |  | ,2026-05-02T00:27:46
2026-05-02,RKLB,80.24500274658203,-0.16671858563230568,64.8,Too Crowded, |  | ,2026-05-02T00:27:46
2026-05-02,LUNR,24.954999923706055,-0.1664996834145337,64.0,Too Crowded, |  | ,2026-05-02T00:27:46
2026-05-02,TMDX,100.27999877929688,-0.33333333333333337,67.3,Quality Dislocation, |  | ,2026-05-02T00:27:46
2026-05-02,ISRG,459.5299987792969,-0.22487978796806918,70.3,Research Now, |  | ,2026-05-02T00:27:46
2026-05-02,NTRA,205.24000549316406,-0.19323895276241065,64.1,Watchlist, |  | ,2026-05-02T00:27:46
2026-05-02,TMO,472.67999267578125,-0.2608022775003963,69.1,Quality Dislocation, |  | ,2026-05-02T00:27:46
2026-05-02,DHR,175.5399932861328,-0.27477797532356607,69.2,Quality Dislocation, |  | ,2026-05-02T00:27:46
2026-05-02,NFLX,94.16999816894531,-0.29678222340117877,69.9,Quality Dislocation, |  | ,2026-05-02T00:27:46
2026-05-02,META,612.3400268554688,-0.22488604195510287,70.6,Research Now, |  | ,2026-05-02T00:27:46
2026-05-02,AMZN,268.5950012207031,0.0,64.4,Research Now, |  | ,2026-05-02T00:27:46
2026-05-02,MSFT,413.5950012207031,-0.2370081435379492,71.1,Research Now, |  | ,2026-05-02T00:27:46
2026-05-02,GOOGL,383.489990234375,-0.0034043596677517662,66.9,Research Now, |  | ,2026-05-02T00:27:46
2026-05-02,TSLA,392.93011474609375,-0.19790538329873408,60.9,Watchlist, |  | ,2026-05-02T00:27:46
2026-05-02,PYPL,50.52000045776367,-0.35412938290274365,68.2,Quality Dislocation, |  | ,2026-05-02T00:27:46
2026-05-02,SBUX,106.7499008178711,0.0,58.2,Watchlist, |  | ,2026-05-02T00:27:46
2026-05-02,DIS,103.69999694824219,-0.16377715376278146,62.2,Watchlist, |  | ,2026-05-02T00:27:46
2026-05-02,SHOP,125.3499984741211,-0.2997597769920366,67.8,Quality Dislocation, |  | ,2026-05-02T00:27:46
2026-05-02,MELI,1822.375,-0.3027417493256692,68.0,Quality Dislocation, |  | ,2026-05-02T00:27:46
2026-05-02,UBER,75.08000183105469,-0.2499500202243743,66.0,Watchlist, |  | ,2026-05-02T00:27:46
2026-05-02,ABNB,142.64500427246094,-0.010646334313333283,61.0,Watchlist, |  | ,2026-05-02T00:27:46
2026-05-02,BKNG,169.69000244140625,-0.27057969308186336,67.3,Quality Dislocation, |  | ,2026-05-02T00:27:46
2026-05-02,SPOT,442.3349914550781,-0.42990723348782356,65.2,Research Now, |  | ,2026-05-02T00:27:46
2026-05-02,NVDA,199.2899932861328,-0.07995940757774522,71.4,Watchlist, |  | ,2026-05-02T00:43:09
2026-05-02,AVGO,421.55499267578125,-0.0028503573233235047,71.4,Research Now, |  | ,2026-05-02T00:43:09
2026-05-02,AMD,354.67999267578125,0.0,72.7,Research Now, |  | ,2026-05-02T00:43:09
2026-05-02,MU,531.9998779296875,0.0,73.3,Research Now, |  | ,2026-05-02T00:43:09
2026-05-02,TSM,399.0398864746094,-0.014667698035889742,70.8,Research Now, |  | ,2026-05-02T00:43:09
2026-05-02,ANET,176.51499938964844,-0.006836191791470103,70.0,Research Now, |  | ,2026-05-02T00:43:09
2026-05-02,CRDO,175.30499267578125,-0.10118437904886202,76.1,Research Now, |  | ,2026-05-02T00:43:09
2026-05-02,ALAB,202.17999267578125,-0.19731622694764617,75.4,Too Crowded, |  | ,2026-05-02T00:43:09
2026-05-02,CLS,414.0350036621094,-0.01936237407550445,68.1,Research Now, |  | ,2026-05-02T00:43:09
2026-05-02,VRT,329.1600036621094,0.0,69.5,Research Now, |  | ,2026-05-02T00:43:09
2026-05-02,ETN,423.9700012207031,-0.020877135264875224,66.9,Watchlist, |  | ,2026-05-02T00:43:09
2026-05-02,CEG,316.6449890136719,-0.216128284577484,71.3,Research Now, |  | ,2026-05-02T00:43:09
2026-05-02,VST,158.66000366210938,-0.27193463199689394,70.6,Quality Dislocation, |  | ,2026-05-02T00:43:09
2026-05-02,CCJ,119.80000305175781,-0.10657016687601173,67.3,Too Crowded, |  | ,2026-05-02T00:43:09
2026-05-02,AXON,404.239990234375,-0.535873791483263,65.4,Watchlist, |  | ,2026-05-02T00:43:09
2026-05-02,PLTR,144.53500366210938,-0.3023698775378656,72.6,Quality Dislocation, |  | ,2026-05-02T00:43:09
2026-05-02,LMT,513.719970703125,-0.24084533554588405,68.4,Research Now, |  | ,2026-05-02T00:43:09
2026-05-02,NOC,572.4299926757812,-0.2546678756822567,67.9,Quality Dislocation, |  | ,2026-05-02T00:43:09
2026-05-02,RTX,173.9864044189453,-0.17992834928472268,66.7,Watchlist, |  | ,2026-05-02T00:43:09
2026-05-02,HII,359.3900146484375,-0.2079209971868784,67.7,Research Now, |  | ,2026-05-02T00:43:09
2026-05-02,RKLB,81.11000061035156,-0.15773626126722096,64.9,Too Crowded, |  | ,2026-05-02T00:43:09
2026-05-02,LUNR,25.364999771118164,-0.15280563397903946,64.2,Too Crowded, |  | ,2026-05-02T00:43:09
2026-05-02,TMDX,100.15499877929688,-0.3341643398585402,67.3,Quality Dislocation, |  | ,2026-05-02T00:43:09
2026-05-02,ISRG,461.989990234375,-0.22073035462678114,70.3,Research Now, |  | ,2026-05-02T00:43:09
2026-05-02,NTRA,206.1300048828125,-0.18974052740470182,64.2,Watchlist, |  | ,2026-05-02T00:43:09
2026-05-02,TMO,471.0249938964844,-0.2633904372434617,69.0,Quality Dislocation, |  | ,2026-05-02T00:43:09
2026-05-02,DHR,175.25999450683594,-0.275934756053856,69.2,Quality Dislocation, |  | ,2026-05-02T00:43:09
2026-05-02,NFLX,94.12999725341797,-0.2970809316461188,69.9,Quality Dislocation, |  | ,2026-05-02T00:43:09
2026-05-02,META,613.4000244140625,-0.2235442728935918,70.6,Research Now, |  | ,2026-05-02T00:43:09
2026-05-02,AMZN,270.1199951171875,0.0,64.4,Research Now, |  | ,2026-05-02T00:43:09
2026-05-02,MSFT,416.19000244140625,-0.23222093674613165,71.2,Research Now, |  | ,2026-05-02T00:43:09
2026-05-02,GOOGL,385.5249938964844,0.0,67.0,Research Now, |  | ,2026-05-02T00:43:09
2026-05-02,TSLA,395.3949890136719,-0.19287379547516548,61.0,Watchlist, |  | ,2026-05-02T00:43:09
2026-05-02,PYPL,50.7599983215332,-0.35106114127625276,68.3,Quality Dislocation, |  | ,2026-05-02T00:43:09
2026-05-02,SBUX,106.16999816894531,0.0,58.1,Watchlist, |  | ,2026-05-02T00:43:09
2026-05-02,DIS,103.69999694824219,-0.16377715376278146,62.2,Watchlist, |  | ,2026-05-02T00:43:09
2026-05-02,SHOP,126.8499984741211,-0.29138035659077677,67.9,Quality Dislocation, |  | ,2026-05-02T00:43:09
2026-05-02,MELI,1857.4200439453125,-0.28933317752452303,66.8,Quality Dislocation, |  | ,2026-05-02T00:43:09
2026-05-02,UBER,75.45999908447266,-0.24615384380868532,66.1,Watchlist, |  | ,2026-05-02T00:43:09
2026-05-02,ABNB,143.3000030517578,-0.006103410103524443,61.0,Watchlist, |  | ,2026-05-02T00:43:09
2026-05-02,BKNG,170.24000549316406,-0.26821547958049563,67.4,Quality Dislocation, |  | ,2026-05-02T00:43:09
2026-05-02,SPOT,443.489990234375,-0.42841864121697126,65.2,Research Now, |  | ,2026-05-02T00:43:09
2026-05-02,NVDA,199.2899932861328,-0.07995940757774522,71.4,Watchlist, |  | ,2026-05-02T01:04:51
2026-05-02,AVGO,421.55499267578125,-0.0028503573233235047,71.4,Research Now, |  | ,2026-05-02T01:04:51
2026-05-02,AMD,354.67999267578125,0.0,72.7,Research Now, |  | ,2026-05-02T01:04:51
2026-05-02,MU,531.9998779296875,0.0,73.3,Research Now, |  | ,2026-05-02T01:04:51
2026-05-02,TSM,399.0398864746094,-0.014667698035889742,70.8,Research Now, |  | ,2026-05-02T01:04:51
2026-05-02,ANET,176.51499938964844,-0.006836191791470103,70.0,Research Now, |  | ,2026-05-02T01:04:51
2026-05-02,CRDO,175.30499267578125,-0.10118437904886202,76.1,Research Now, |  | ,2026-05-02T01:04:51
2026-05-02,ALAB,202.17999267578125,-0.19731622694764617,75.4,Too Crowded, |  | ,2026-05-02T01:04:51
2026-05-02,CLS,414.0350036621094,-0.01936237407550445,68.1,Research Now, |  | ,2026-05-02T01:04:51
2026-05-02,VRT,329.1600036621094,0.0,69.5,Research Now, |  | ,2026-05-02T01:04:51
2026-05-02,ETN,423.9700012207031,-0.020877135264875224,66.9,Watchlist, |  | ,2026-05-02T01:04:51
2026-05-02,CEG,316.6449890136719,-0.216128284577484,71.3,Research Now, |  | ,2026-05-02T01:04:51
2026-05-02,VST,158.66000366210938,-0.27193463199689394,70.6,Quality Dislocation, |  | ,2026-05-02T01:04:51
2026-05-02,CCJ,119.80000305175781,-0.10657016687601173,67.3,Too Crowded, |  | ,2026-05-02T01:04:51
2026-05-02,AXON,404.239990234375,-0.535873791483263,65.4,Watchlist, |  | ,2026-05-02T01:04:51
2026-05-02,PLTR,144.53500366210938,-0.3023698775378656,72.6,Quality Dislocation, |  | ,2026-05-02T01:04:51
2026-05-02,LMT,513.719970703125,-0.24084533554588405,68.4,Research Now, |  | ,2026-05-02T01:04:51
2026-05-02,NOC,572.4299926757812,-0.2546678756822567,67.9,Quality Dislocation, |  | ,2026-05-02T01:04:51
2026-05-02,RTX,173.9864044189453,-0.17992834928472268,66.7,Watchlist, |  | ,2026-05-02T01:04:51
2026-05-02,HII,359.3900146484375,-0.2079209971868784,67.7,Research Now, |  | ,2026-05-02T01:04:51
2026-05-02,RKLB,81.11000061035156,-0.15773626126722096,64.9,Too Crowded, |  | ,2026-05-02T01:04:51
2026-05-02,LUNR,25.364999771118164,-0.15280563397903946,64.2,Too Crowded, |  | ,2026-05-02T01:04:51
2026-05-02,TMDX,100.15499877929688,-0.3341643398585402,67.3,Quality Dislocation, |  | ,2026-05-02T01:04:51
2026-05-02,ISRG,461.989990234375,-0.22073035462678114,70.3,Research Now, |  | ,2026-05-02T01:04:51
2026-05-02,NTRA,206.1300048828125,-0.18974052740470182,64.2,Watchlist, |  | ,2026-05-02T01:04:51
2026-05-02,TMO,471.0249938964844,-0.2633904372434617,69.0,Quality Dislocation, |  | ,2026-05-02T01:04:51
2026-05-02,DHR,175.25999450683594,-0.275934756053856,69.2,Quality Dislocation, |  | ,2026-05-02T01:04:51
2026-05-02,NFLX,94.12999725341797,-0.2970809316461188,69.9,Quality Dislocation, |  | ,2026-05-02T01:04:51
2026-05-02,META,613.4000244140625,-0.2235442728935918,70.6,Research Now, |  | ,2026-05-02T01:04:51
2026-05-02,AMZN,270.1199951171875,0.0,64.4,Research Now, |  | ,2026-05-02T01:04:51
2026-05-02,MSFT,416.19000244140625,-0.23222093674613165,71.2,Research Now, |  | ,2026-05-02T01:04:51
2026-05-02,GOOGL,385.5249938964844,0.0,67.0,Research Now, |  | ,2026-05-02T01:04:51
2026-05-02,TSLA,395.3949890136719,-0.19287379547516548,61.0,Watchlist, |  | ,2026-05-02T01:04:51
2026-05-02,PYPL,50.7599983215332,-0.35106114127625276,68.3,Quality Dislocation, |  | ,2026-05-02T01:04:51
2026-05-02,SBUX,106.16999816894531,0.0,58.1,Watchlist, |  | ,2026-05-02T01:04:51
2026-05-02,DIS,103.69999694824219,-0.16377715376278146,62.2,Watchlist, |  | ,2026-05-02T01:04:51
2026-05-02,SHOP,126.8499984741211,-0.29138035659077677,67.9,Quality Dislocation, |  | ,2026-05-02T01:04:51
2026-05-02,MELI,1857.4200439453125,-0.28933317752452303,66.8,Quality Dislocation, |  | ,2026-05-02T01:04:51
2026-05-02,UBER,75.45999908447266,-0.24615384380868532,66.1,Watchlist, |  | ,2026-05-02T01:04:51
2026-05-02,ABNB,143.3000030517578,-0.006103410103524443,61.0,Watchlist, |  | ,2026-05-02T01:04:51
2026-05-02,BKNG,170.24000549316406,-0.26821547958049563,67.4,Quality Dislocation, |  | ,2026-05-02T01:04:51
2026-05-02,SPOT,443.489990234375,-0.42841864121697126,65.2,Research Now, |  | ,2026-05-02T01:04:51
2026-05-02,NVDA,199.2899932861328,-0.07995940757774522,71.4,Watchlist, |  | ,2026-05-02T01:07:16
2026-05-02,AVGO,421.55499267578125,-0.0028503573233235047,71.4,Research Now, |  | ,2026-05-02T01:07:16
2026-05-02,AMD,354.67999267578125,0.0,72.7,Research Now, |  | ,2026-05-02T01:07:16
2026-05-02,MU,531.9998779296875,0.0,73.3,Research Now, |  | ,2026-05-02T01:07:16
2026-05-02,TSM,399.0398864746094,-0.014667698035889742,70.8,Research Now, |  | ,2026-05-02T01:07:16
2026-05-02,ANET,176.51499938964844,-0.006836191791470103,70.0,Research Now, |  | ,2026-05-02T01:07:16
2026-05-02,CRDO,175.30499267578125,-0.10118437904886202,76.1,Research Now, |  | ,2026-05-02T01:07:16
2026-05-02,ALAB,202.17999267578125,-0.19731622694764617,75.4,Too Crowded, |  | ,2026-05-02T01:07:16
2026-05-02,CLS,414.0350036621094,-0.01936237407550445,68.1,Research Now, |  | ,2026-05-02T01:07:16
2026-05-02,VRT,329.1600036621094,0.0,69.5,Research Now, |  | ,2026-05-02T01:07:16
2026-05-02,ETN,423.9700012207031,-0.020877135264875224,66.9,Watchlist, |  | ,2026-05-02T01:07:16
2026-05-02,CEG,316.6449890136719,-0.216128284577484,71.3,Research Now, |  | ,2026-05-02T01:07:16
2026-05-02,VST,158.66000366210938,-0.27193463199689394,70.6,Quality Dislocation, |  | ,2026-05-02T01:07:16
2026-05-02,CCJ,119.80000305175781,-0.10657016687601173,67.3,Too Crowded, |  | ,2026-05-02T01:07:16
2026-05-02,AXON,404.239990234375,-0.535873791483263,65.4,Watchlist, |  | ,2026-05-02T01:07:16
2026-05-02,PLTR,144.53500366210938,-0.3023698775378656,72.6,Quality Dislocation, |  | ,2026-05-02T01:07:16
2026-05-02,LMT,513.719970703125,-0.24084533554588405,68.4,Research Now, |  | ,2026-05-02T01:07:16
2026-05-02,NOC,572.4299926757812,-0.2546678756822567,67.9,Quality Dislocation, |  | ,2026-05-02T01:07:16
2026-05-02,RTX,173.9864044189453,-0.17992834928472268,66.7,Watchlist, |  | ,2026-05-02T01:07:16
2026-05-02,HII,359.3900146484375,-0.2079209971868784,67.7,Research Now, |  | ,2026-05-02T01:07:16
2026-05-02,RKLB,81.11000061035156,-0.15773626126722096,64.9,Too Crowded, |  | ,2026-05-02T01:07:16
2026-05-02,LUNR,25.364999771118164,-0.15280563397903946,64.2,Too Crowded, |  | ,2026-05-02T01:07:16
2026-05-02,TMDX,100.15499877929688,-0.3341643398585402,67.3,Quality Dislocation, |  | ,2026-05-02T01:07:16
2026-05-02,ISRG,461.989990234375,-0.22073035462678114,70.3,Research Now, |  | ,2026-05-02T01:07:16
2026-05-02,NTRA,206.1300048828125,-0.18974052740470182,64.2,Watchlist, |  | ,2026-05-02T01:07:16
2026-05-02,TMO,471.0249938964844,-0.2633904372434617,69.0,Quality Dislocation, |  | ,2026-05-02T01:07:16
2026-05-02,DHR,175.25999450683594,-0.275934756053856,69.2,Quality Dislocation, |  | ,2026-05-02T01:07:16
2026-05-02,NFLX,94.12999725341797,-0.2970809316461188,69.9,Quality Dislocation, |  | ,2026-05-02T01:07:16
2026-05-02,META,613.4000244140625,-0.2235442728935918,70.6,Research Now, |  | ,2026-05-02T01:07:16
2026-05-02,AMZN,270.1199951171875,0.0,64.4,Research Now, |  | ,2026-05-02T01:07:16
2026-05-02,MSFT,416.19000244140625,-0.23222093674613165,71.2,Research Now, |  | ,2026-05-02T01:07:16
2026-05-02,GOOGL,385.5249938964844,0.0,67.0,Research Now, |  | ,2026-05-02T01:07:16
2026-05-02,TSLA,395.3949890136719,-0.19287379547516548,61.0,Watchlist, |  | ,2026-05-02T01:07:16
2026-05-02,PYPL,50.7599983215332,-0.35106114127625276,68.3,Quality Dislocation, |  | ,2026-05-02T01:07:16
2026-05-02,SBUX,106.16999816894531,0.0,58.1,Watchlist, |  | ,2026-05-02T01:07:16
2026-05-02,DIS,103.69999694824219,-0.16377715376278146,62.2,Watchlist, |  | ,2026-05-02T01:07:16
2026-05-02,SHOP,126.8499984741211,-0.29138035659077677,67.9,Quality Dislocation, |  | ,2026-05-02T01:07:16
2026-05-02,MELI,1857.4200439453125,-0.28933317752452303,66.8,Quality Dislocation, |  | ,2026-05-02T01:07:16
2026-05-02,UBER,75.45999908447266,-0.24615384380868532,66.1,Watchlist, |  | ,2026-05-02T01:07:16
2026-05-02,ABNB,143.3000030517578,-0.006103410103524443,61.0,Watchlist, |  | ,2026-05-02T01:07:16
2026-05-02,BKNG,170.24000549316406,-0.26821547958049563,67.4,Quality Dislocation, |  | ,2026-05-02T01:07:16
2026-05-02,SPOT,443.489990234375,-0.42841864121697126,65.2,Research Now, |  | ,2026-05-02T01:07:16
2026-05-02,NVDA,198.93499755859375,-0.08159827802019382,71.4,Watchlist, |  | ,2026-05-02T01:16:08
2026-05-02,AVGO,420.5299987792969,-0.0052748863062153095,71.4,Research Now, |  | ,2026-05-02T01:16:08
2026-05-02,AMD,356.1099853515625,0.0,71.9,Research Now, |  | ,2026-05-02T01:16:08
2026-05-02,MU,531.4099731445312,0.0,73.3,Research Now, |  | ,2026-05-02T01:16:08
2026-05-02,TSM,398.4049987792969,-0.016235399349755153,70.8,Research Now, |  | ,2026-05-02T01:16:08
2026-05-02,ANET,175.35000610351562,-0.013391040799168086,69.9,Research Now, |  | ,2026-05-02T01:16:08
2026-05-02,CRDO,180.50999450683594,-0.07449753527206437,74.6,Research Now, |  | ,2026-05-02T01:16:08
2026-05-02,ALAB,204.3199005126953,-0.18882048375473304,75.6,Too Crowded, |  | ,2026-05-02T01:16:08
2026-05-02,CLS,416.5350036621094,-0.013441149920234818,68.2,Research Now, |  | ,2026-05-02T01:16:08
2026-05-02,VRT,328.4200134277344,-0.00021302568943026845,69.4,Research Now, |  | ,2026-05-02T01:16:08
2026-05-02,ETN,424.4649963378906,-0.0197339859010639,66.9,Watchlist, |  | ,2026-05-02T01:16:08
2026-05-02,CEG,315.04998779296875,-0.22007679595885177,71.2,Research Now, |  | ,2026-05-02T01:16:08
2026-05-02,VST,157.8800048828125,-0.27551392157954235,70.5,Quality Dislocation, |  | ,2026-05-02T01:16:08
2026-05-02,CCJ,120.04010009765625,-0.10477960044707835,67.3,Too Crowded, |  | ,2026-05-02T01:16:08
2026-05-02,AXON,401.8349914550781,-0.5386350793119987,65.3,Watchlist, |  | ,2026-05-02T01:16:08
2026-05-02,PLTR,143.63999938964844,-0.30668981336227485,72.5,Quality Dislocation, |  | ,2026-05-02T01:16:08
2026-05-02,LMT,515.110107421875,-0.2387910475398647,68.4,Research Now, |  | ,2026-05-02T01:16:08
2026-05-02,NOC,573.6799926757812,-0.2530403139414015,67.9,Quality Dislocation, |  | ,2026-05-02T01:16:08
2026-05-02,RTX,173.82000732421875,-0.18071264930289,66.7,Watchlist, |  | ,2026-05-02T01:16:08
2026-05-02,HII,359.1308898925781,-0.2084920961875728,67.7,Research Now, |  | ,2026-05-02T01:16:08
2026-05-02,RKLB,80.17500305175781,-0.16744547755967765,64.8,Too Crowded, |  | ,2026-05-02T01:16:08
2026-05-02,LUNR,25.309999465942383,-0.15464265148721268,64.2,Too Crowded, |  | ,2026-05-02T01:16:08
2026-05-02,TMDX,99.68000030517578,-0.33732215451020375,67.2,Quality Dislocation, |  | ,2026-05-02T01:16:08
2026-05-02,ISRG,460.6449890136719,-0.22299905881180493,70.3,Research Now, |  | ,2026-05-02T01:16:08
2026-05-02,NTRA,206.0399932861328,-0.190094346582529,64.2,Watchlist, |  | ,2026-05-02T01:16:08
2026-05-02,TMO,470.6300048828125,-0.26400813840247583,69.0,Quality Dislocation, |  | ,2026-05-02T01:16:08
2026-05-02,DHR,175.0,-0.27700889157774744,69.2,Quality Dislocation, |  | ,2026-05-02T01:16:08
2026-05-02,NFLX,93.57499694824219,-0.3012254159639075,71.3,Quality Dislocation, |  | ,2026-05-02T01:16:08
2026-05-02,META,610.6900024414062,-0.2269746804539161,70.6,Research Now, |  | ,2026-05-02T01:16:08
2026-05-02,AMZN,269.46038818359375,0.0,64.4,Research Now, |  | ,2026-05-02T01:16:08
2026-05-02,MSFT,413.82000732421875,-0.23659305674016395,71.1,Research Now, |  | ,2026-05-02T01:16:08
2026-05-02,GOOGL,384.4100036621094,-0.0010134723056934858,66.9,Research Now, |  | ,2026-05-02T01:16:08
2026-05-02,TSLA,394.04998779296875,-0.1956193682833981,60.9,Watchlist, |  | ,2026-05-02T01:16:08
2026-05-02,PYPL,50.619998931884766,-0.3528509570198427,68.3,Quality Dislocation, |  | ,2026-05-02T01:16:08
2026-05-02,SBUX,106.41000366210938,0.0,58.1,Watchlist, |  | ,2026-05-02T01:16:08
2026-05-02,DIS,103.63999938964844,-0.16426096601631124,62.2,Watchlist, |  | ,2026-05-02T01:16:08
2026-05-02,SHOP,126.13780212402344,-0.2953588850079175,67.9,Quality Dislocation, |  | ,2026-05-02T01:16:08
2026-05-02,MELI,1840.8199462890625,-0.2956845349854298,66.7,Quality Dislocation, |  | ,2026-05-02T01:16:08
2026-05-02,UBER,75.0,-0.25074923932801263,66.0,Quality Dislocation, |  | ,2026-05-02T01:16:08
2026-05-02,ABNB,142.72000122070312,-0.010126172348761453,61.0,Watchlist, |  | ,2026-05-02T01:16:08
2026-05-02,BKNG,170.3699951171875,-0.26765671318243334,67.4,Quality Dislocation, |  | ,2026-05-02T01:16:08
2026-05-02,SPOT,440.8299865722656,-0.43184692266871905,65.2,Research Now, |  | ,2026-05-02T01:16:08
2026-05-02,NVDA,198.93499755859375,-0.08159827802019382,71.4,Watchlist, |  | ,2026-05-02T01:28:56
2026-05-02,AVGO,420.5299987792969,-0.0052748863062153095,71.4,Research Now, |  | ,2026-05-02T01:28:56
2026-05-02,AMD,356.1099853515625,0.0,71.9,Research Now, |  | ,2026-05-02T01:28:56
2026-05-02,MU,531.4099731445312,0.0,73.3,Research Now, |  | ,2026-05-02T01:28:56
2026-05-02,TSM,398.4049987792969,-0.016235399349755153,70.8,Research Now, |  | ,2026-05-02T01:28:56
2026-05-02,ANET,175.35000610351562,-0.013391040799168086,69.9,Research Now, |  | ,2026-05-02T01:28:56
2026-05-02,CRDO,180.50999450683594,-0.07449753527206437,74.6,Research Now, |  | ,2026-05-02T01:28:56
2026-05-02,ALAB,204.3199005126953,-0.18882048375473304,75.6,Too Crowded, |  | ,2026-05-02T01:28:56
2026-05-02,CLS,416.5350036621094,-0.013441149920234818,68.2,Research Now, |  | ,2026-05-02T01:28:56
2026-05-02,VRT,328.4200134277344,-0.00021302568943026845,69.4,Research Now, |  | ,2026-05-02T01:28:56
2026-05-02,ETN,424.4649963378906,-0.0197339859010639,66.9,Watchlist, |  | ,2026-05-02T01:28:56
2026-05-02,CEG,315.04998779296875,-0.22007679595885177,71.2,Research Now, |  | ,2026-05-02T01:28:56
2026-05-02,VST,157.8800048828125,-0.27551392157954235,70.5,Quality Dislocation, |  | ,2026-05-02T01:28:56
2026-05-02,CCJ,120.04010009765625,-0.10477960044707835,67.3,Too Crowded, |  | ,2026-05-02T01:28:56
2026-05-02,AXON,401.8349914550781,-0.5386350793119987,65.3,Watchlist, |  | ,2026-05-02T01:28:56
2026-05-02,PLTR,143.63999938964844,-0.30668981336227485,72.5,Quality Dislocation, |  | ,2026-05-02T01:28:56
2026-05-02,LMT,515.110107421875,-0.2387910475398647,68.4,Research Now, |  | ,2026-05-02T01:28:56
2026-05-02,NOC,573.6799926757812,-0.2530403139414015,67.9,Quality Dislocation, |  | ,2026-05-02T01:28:56
2026-05-02,RTX,173.82000732421875,-0.18071264930289,66.7,Watchlist, |  | ,2026-05-02T01:28:56
2026-05-02,HII,359.1308898925781,-0.2084920961875728,67.7,Research Now, |  | ,2026-05-02T01:28:56
2026-05-02,RKLB,80.17500305175781,-0.16744547755967765,64.8,Too Crowded, |  | ,2026-05-02T01:28:56
2026-05-02,LUNR,25.309999465942383,-0.15464265148721268,64.2,Too Crowded, |  | ,2026-05-02T01:28:56
2026-05-02,TMDX,99.68000030517578,-0.33732215451020375,67.2,Quality Dislocation, |  | ,2026-05-02T01:28:56
2026-05-02,ISRG,460.6449890136719,-0.22299905881180493,70.3,Research Now, |  | ,2026-05-02T01:28:56
2026-05-02,NTRA,206.0399932861328,-0.190094346582529,64.2,Watchlist, |  | ,2026-05-02T01:28:56
2026-05-02,TMO,470.6300048828125,-0.26400813840247583,69.0,Quality Dislocation, |  | ,2026-05-02T01:28:56
2026-05-02,DHR,175.0,-0.27700889157774744,69.2,Quality Dislocation, |  | ,2026-05-02T01:28:56
2026-05-02,NFLX,93.57499694824219,-0.3012254159639075,71.3,Quality Dislocation, |  | ,2026-05-02T01:28:56
2026-05-02,META,610.6900024414062,-0.2269746804539161,70.6,Research Now, |  | ,2026-05-02T01:28:56
2026-05-02,AMZN,269.46038818359375,0.0,64.4,Research Now, |  | ,2026-05-02T01:28:56
2026-05-02,MSFT,413.82000732421875,-0.23659305674016395,71.1,Research Now, |  | ,2026-05-02T01:28:56
2026-05-02,GOOGL,384.4100036621094,-0.0010134723056934858,66.9,Research Now, |  | ,2026-05-02T01:28:56
2026-05-02,TSLA,394.04998779296875,-0.1956193682833981,60.9,Watchlist, |  | ,2026-05-02T01:28:56
2026-05-02,PYPL,50.619998931884766,-0.3528509570198427,68.3,Quality Dislocation, |  | ,2026-05-02T01:28:56
2026-05-02,SBUX,106.41000366210938,0.0,58.1,Watchlist, |  | ,2026-05-02T01:28:56
2026-05-02,DIS,103.63999938964844,-0.16426096601631124,62.2,Watchlist, |  | ,2026-05-02T01:28:56
2026-05-02,SHOP,126.13780212402344,-0.2953588850079175,67.9,Quality Dislocation, |  | ,2026-05-02T01:28:56
2026-05-02,MELI,1840.8199462890625,-0.2956845349854298,66.7,Quality Dislocation, |  | ,2026-05-02T01:28:56
2026-05-02,UBER,75.0,-0.25074923932801263,66.0,Quality Dislocation, |  | ,2026-05-02T01:28:56
2026-05-02,ABNB,142.72000122070312,-0.010126172348761453,61.0,Watchlist, |  | ,2026-05-02T01:28:56
2026-05-02,BKNG,170.3699951171875,-0.26765671318243334,67.4,Quality Dislocation, |  | ,2026-05-02T01:28:56
2026-05-02,SPOT,440.8299865722656,-0.43184692266871905,65.2,Research Now, |  | ,2026-05-02T01:28:56
2026-05-02,NVDA,198.93499755859375,-0.08159827802019382,71.4,Watchlist, |  | ,2026-05-02T01:29:40
2026-05-02,AVGO,420.5299987792969,-0.0052748863062153095,71.4,Research Now, |  | ,2026-05-02T01:29:40
2026-05-02,AMD,356.1099853515625,0.0,71.9,Research Now, |  | ,2026-05-02T01:29:40
2026-05-02,MU,531.4099731445312,0.0,73.3,Research Now, |  | ,2026-05-02T01:29:40
2026-05-02,TSM,398.4049987792969,-0.016235399349755153,70.8,Research Now, |  | ,2026-05-02T01:29:40
2026-05-02,ANET,175.35000610351562,-0.013391040799168086,69.9,Research Now, |  | ,2026-05-02T01:29:40
2026-05-02,CRDO,180.50999450683594,-0.07449753527206437,74.6,Research Now, |  | ,2026-05-02T01:29:40
2026-05-02,ALAB,204.3199005126953,-0.18882048375473304,75.6,Too Crowded, |  | ,2026-05-02T01:29:40
2026-05-02,CLS,416.5350036621094,-0.013441149920234818,68.2,Research Now, |  | ,2026-05-02T01:29:40
2026-05-02,VRT,328.4200134277344,-0.00021302568943026845,69.4,Research Now, |  | ,2026-05-02T01:29:40
2026-05-02,ETN,424.4649963378906,-0.0197339859010639,66.9,Watchlist, |  | ,2026-05-02T01:29:40
2026-05-02,CEG,315.04998779296875,-0.22007679595885177,71.2,Research Now, |  | ,2026-05-02T01:29:40
2026-05-02,VST,157.8800048828125,-0.27551392157954235,70.5,Quality Dislocation, |  | ,2026-05-02T01:29:40
2026-05-02,CCJ,120.04010009765625,-0.10477960044707835,67.3,Too Crowded, |  | ,2026-05-02T01:29:40
2026-05-02,AXON,401.8349914550781,-0.5386350793119987,65.3,Watchlist, |  | ,2026-05-02T01:29:40
2026-05-02,PLTR,143.63999938964844,-0.30668981336227485,72.5,Quality Dislocation, |  | ,2026-05-02T01:29:40
2026-05-02,LMT,515.110107421875,-0.2387910475398647,68.4,Research Now, |  | ,2026-05-02T01:29:40
2026-05-02,NOC,573.6799926757812,-0.2530403139414015,67.9,Quality Dislocation, |  | ,2026-05-02T01:29:40
2026-05-02,RTX,173.82000732421875,-0.18071264930289,66.7,Watchlist, |  | ,2026-05-02T01:29:40
2026-05-02,HII,359.1308898925781,-0.2084920961875728,67.7,Research Now, |  | ,2026-05-02T01:29:40
2026-05-02,RKLB,80.17500305175781,-0.16744547755967765,64.8,Too Crowded, |  | ,2026-05-02T01:29:40
2026-05-02,LUNR,25.309999465942383,-0.15464265148721268,64.2,Too Crowded, |  | ,2026-05-02T01:29:40
2026-05-02,TMDX,99.68000030517578,-0.33732215451020375,67.2,Quality Dislocation, |  | ,2026-05-02T01:29:40
2026-05-02,ISRG,460.6449890136719,-0.22299905881180493,70.3,Research Now, |  | ,2026-05-02T01:29:40
2026-05-02,NTRA,206.0399932861328,-0.190094346582529,64.2,Watchlist, |  | ,2026-05-02T01:29:40
2026-05-02,TMO,470.6300048828125,-0.26400813840247583,69.0,Quality Dislocation, |  | ,2026-05-02T01:29:40
2026-05-02,DHR,175.0,-0.27700889157774744,69.2,Quality Dislocation, |  | ,2026-05-02T01:29:40
2026-05-02,NFLX,93.57499694824219,-0.3012254159639075,71.3,Quality Dislocation, |  | ,2026-05-02T01:29:40
2026-05-02,META,610.6900024414062,-0.2269746804539161,70.6,Research Now, |  | ,2026-05-02T01:29:40
2026-05-02,AMZN,269.46038818359375,0.0,64.4,Research Now, |  | ,2026-05-02T01:29:40
2026-05-02,MSFT,413.82000732421875,-0.23659305674016395,71.1,Research Now, |  | ,2026-05-02T01:29:40
2026-05-02,GOOGL,384.4100036621094,-0.0010134723056934858,66.9,Research Now, |  | ,2026-05-02T01:29:40
2026-05-02,TSLA,394.04998779296875,-0.1956193682833981,60.9,Watchlist, |  | ,2026-05-02T01:29:40
2026-05-02,PYPL,50.619998931884766,-0.3528509570198427,68.3,Quality Dislocation, |  | ,2026-05-02T01:29:40
2026-05-02,SBUX,106.41000366210938,0.0,58.1,Watchlist, |  | ,2026-05-02T01:29:40
2026-05-02,DIS,103.63999938964844,-0.16426096601631124,62.2,Watchlist, |  | ,2026-05-02T01:29:40
2026-05-02,SHOP,126.13780212402344,-0.2953588850079175,67.9,Quality Dislocation, |  | ,2026-05-02T01:29:40
2026-05-02,MELI,1840.8199462890625,-0.2956845349854298,66.7,Quality Dislocation, |  | ,2026-05-02T01:29:40
2026-05-02,UBER,75.0,-0.25074923932801263,66.0,Quality Dislocation, |  | ,2026-05-02T01:29:40
2026-05-02,ABNB,142.72000122070312,-0.010126172348761453,61.0,Watchlist, |  | ,2026-05-02T01:29:40
2026-05-02,BKNG,170.3699951171875,-0.26765671318243334,67.4,Quality Dislocation, |  | ,2026-05-02T01:29:40
2026-05-02,SPOT,440.8299865722656,-0.43184692266871905,65.2,Research Now, |  | ,2026-05-02T01:29:40
2026-05-02,NVDA,198.93499755859375,-0.08159827802019382,71.4,Watchlist, |  | ,2026-05-02T01:29:59
2026-05-02,AVGO,420.5299987792969,-0.0052748863062153095,71.4,Research Now, |  | ,2026-05-02T01:29:59
2026-05-02,AMD,356.1099853515625,0.0,71.9,Research Now, |  | ,2026-05-02T01:29:59
2026-05-02,MU,531.4099731445312,0.0,73.3,Research Now, |  | ,2026-05-02T01:29:59
2026-05-02,TSM,398.4049987792969,-0.016235399349755153,70.8,Research Now, |  | ,2026-05-02T01:29:59
2026-05-02,ANET,175.35000610351562,-0.013391040799168086,69.9,Research Now, |  | ,2026-05-02T01:29:59
2026-05-02,CRDO,180.50999450683594,-0.07449753527206437,74.6,Research Now, |  | ,2026-05-02T01:29:59
2026-05-02,ALAB,204.3199005126953,-0.18882048375473304,75.6,Too Crowded, |  | ,2026-05-02T01:29:59
2026-05-02,CLS,416.5350036621094,-0.013441149920234818,68.2,Research Now, |  | ,2026-05-02T01:29:59
2026-05-02,VRT,328.4200134277344,-0.00021302568943026845,69.4,Research Now, |  | ,2026-05-02T01:29:59
2026-05-02,ETN,424.4649963378906,-0.0197339859010639,66.9,Watchlist, |  | ,2026-05-02T01:29:59
2026-05-02,CEG,315.04998779296875,-0.22007679595885177,71.2,Research Now, |  | ,2026-05-02T01:29:59
2026-05-02,VST,157.8800048828125,-0.27551392157954235,70.5,Quality Dislocation, |  | ,2026-05-02T01:29:59
2026-05-02,CCJ,120.04010009765625,-0.10477960044707835,67.3,Too Crowded, |  | ,2026-05-02T01:29:59
2026-05-02,AXON,401.8349914550781,-0.5386350793119987,65.3,Watchlist, |  | ,2026-05-02T01:29:59
2026-05-02,PLTR,143.63999938964844,-0.30668981336227485,72.5,Quality Dislocation, |  | ,2026-05-02T01:29:59
2026-05-02,LMT,515.110107421875,-0.2387910475398647,68.4,Research Now, |  | ,2026-05-02T01:29:59
2026-05-02,NOC,573.6799926757812,-0.2530403139414015,67.9,Quality Dislocation, |  | ,2026-05-02T01:29:59
2026-05-02,RTX,173.82000732421875,-0.18071264930289,66.7,Watchlist, |  | ,2026-05-02T01:29:59
2026-05-02,HII,359.1308898925781,-0.2084920961875728,67.7,Research Now, |  | ,2026-05-02T01:29:59
2026-05-02,RKLB,80.17500305175781,-0.16744547755967765,64.8,Too Crowded, |  | ,2026-05-02T01:29:59
2026-05-02,LUNR,25.309999465942383,-0.15464265148721268,64.2,Too Crowded, |  | ,2026-05-02T01:29:59
2026-05-02,TMDX,99.68000030517578,-0.33732215451020375,67.2,Quality Dislocation, |  | ,2026-05-02T01:29:59
2026-05-02,ISRG,460.6449890136719,-0.22299905881180493,70.3,Research Now, |  | ,2026-05-02T01:29:59
2026-05-02,NTRA,206.0399932861328,-0.190094346582529,64.2,Watchlist, |  | ,2026-05-02T01:29:59
2026-05-02,TMO,470.6300048828125,-0.26400813840247583,69.0,Quality Dislocation, |  | ,2026-05-02T01:29:59
2026-05-02,DHR,175.0,-0.27700889157774744,69.2,Quality Dislocation, |  | ,2026-05-02T01:29:59
2026-05-02,NFLX,93.57499694824219,-0.3012254159639075,71.3,Quality Dislocation, |  | ,2026-05-02T01:29:59
2026-05-02,META,610.6900024414062,-0.2269746804539161,70.6,Research Now, |  | ,2026-05-02T01:29:59
2026-05-02,AMZN,269.46038818359375,0.0,64.4,Research Now, |  | ,2026-05-02T01:29:59
2026-05-02,MSFT,413.82000732421875,-0.23659305674016395,71.1,Research Now, |  | ,2026-05-02T01:29:59
2026-05-02,GOOGL,384.4100036621094,-0.0010134723056934858,66.9,Research Now, |  | ,2026-05-02T01:29:59
2026-05-02,TSLA,394.04998779296875,-0.1956193682833981,60.9,Watchlist, |  | ,2026-05-02T01:29:59
2026-05-02,PYPL,50.619998931884766,-0.3528509570198427,68.3,Quality Dislocation, |  | ,2026-05-02T01:29:59
2026-05-02,SBUX,106.41000366210938,0.0,58.1,Watchlist, |  | ,2026-05-02T01:29:59
2026-05-02,DIS,103.63999938964844,-0.16426096601631124,62.2,Watchlist, |  | ,2026-05-02T01:29:59
2026-05-02,SHOP,126.13780212402344,-0.2953588850079175,67.9,Quality Dislocation, |  | ,2026-05-02T01:29:59
2026-05-02,MELI,1840.8199462890625,-0.2956845349854298,66.7,Quality Dislocation, |  | ,2026-05-02T01:29:59
2026-05-02,UBER,75.0,-0.25074923932801263,66.0,Quality Dislocation, |  | ,2026-05-02T01:29:59
2026-05-02,ABNB,142.72000122070312,-0.010126172348761453,61.0,Watchlist, |  | ,2026-05-02T01:29:59
2026-05-02,BKNG,170.3699951171875,-0.26765671318243334,67.4,Quality Dislocation, |  | ,2026-05-02T01:29:59
2026-05-02,SPOT,440.8299865722656,-0.43184692266871905,65.2,Research Now, |  | ,2026-05-02T01:29:59
2026-05-02,NVDA,198.93499755859375,-0.08159827802019382,71.4,Watchlist, |  | ,2026-05-02T01:30:35
2026-05-02,AVGO,420.5299987792969,-0.0052748863062153095,71.4,Research Now, |  | ,2026-05-02T01:30:35
2026-05-02,AMD,356.1099853515625,0.0,71.9,Research Now, |  | ,2026-05-02T01:30:35
2026-05-02,MU,531.4099731445312,0.0,73.3,Research Now, |  | ,2026-05-02T01:30:35
2026-05-02,TSM,398.4049987792969,-0.016235399349755153,70.8,Research Now, |  | ,2026-05-02T01:30:35
2026-05-02,ANET,175.35000610351562,-0.013391040799168086,69.9,Research Now, |  | ,2026-05-02T01:30:35
2026-05-02,CRDO,180.50999450683594,-0.07449753527206437,74.6,Research Now, |  | ,2026-05-02T01:30:35
2026-05-02,ALAB,204.3199005126953,-0.18882048375473304,75.6,Too Crowded, |  | ,2026-05-02T01:30:35
2026-05-02,CLS,416.5350036621094,-0.013441149920234818,68.2,Research Now, |  | ,2026-05-02T01:30:35
2026-05-02,VRT,328.4200134277344,-0.00021302568943026845,69.4,Research Now, |  | ,2026-05-02T01:30:35
2026-05-02,ETN,424.4649963378906,-0.0197339859010639,66.9,Watchlist, |  | ,2026-05-02T01:30:35
2026-05-02,CEG,315.04998779296875,-0.22007679595885177,71.2,Research Now, |  | ,2026-05-02T01:30:35
2026-05-02,VST,157.8800048828125,-0.27551392157954235,70.5,Quality Dislocation, |  | ,2026-05-02T01:30:35
2026-05-02,CCJ,120.04010009765625,-0.10477960044707835,67.3,Too Crowded, |  | ,2026-05-02T01:30:35
2026-05-02,AXON,401.8349914550781,-0.5386350793119987,65.3,Watchlist, |  | ,2026-05-02T01:30:35
2026-05-02,PLTR,143.63999938964844,-0.30668981336227485,72.5,Quality Dislocation, |  | ,2026-05-02T01:30:35
2026-05-02,LMT,515.110107421875,-0.2387910475398647,68.4,Research Now, |  | ,2026-05-02T01:30:35
2026-05-02,NOC,573.6799926757812,-0.2530403139414015,67.9,Quality Dislocation, |  | ,2026-05-02T01:30:35
2026-05-02,RTX,173.82000732421875,-0.18071264930289,66.7,Watchlist, |  | ,2026-05-02T01:30:35
2026-05-02,HII,359.1308898925781,-0.2084920961875728,67.7,Research Now, |  | ,2026-05-02T01:30:35
2026-05-02,RKLB,80.17500305175781,-0.16744547755967765,64.8,Too Crowded, |  | ,2026-05-02T01:30:35
2026-05-02,LUNR,25.309999465942383,-0.15464265148721268,64.2,Too Crowded, |  | ,2026-05-02T01:30:35
2026-05-02,TMDX,99.68000030517578,-0.33732215451020375,67.2,Quality Dislocation, |  | ,2026-05-02T01:30:35
2026-05-02,ISRG,460.6449890136719,-0.22299905881180493,70.3,Research Now, |  | ,2026-05-02T01:30:35
2026-05-02,NTRA,206.0399932861328,-0.190094346582529,64.2,Watchlist, |  | ,2026-05-02T01:30:35
2026-05-02,TMO,470.6300048828125,-0.26400813840247583,69.0,Quality Dislocation, |  | ,2026-05-02T01:30:35
2026-05-02,DHR,175.0,-0.27700889157774744,69.2,Quality Dislocation, |  | ,2026-05-02T01:30:35
2026-05-02,NFLX,93.57499694824219,-0.3012254159639075,71.3,Quality Dislocation, |  | ,2026-05-02T01:30:35
2026-05-02,META,610.6900024414062,-0.2269746804539161,70.6,Research Now, |  | ,2026-05-02T01:30:35
2026-05-02,AMZN,269.46038818359375,0.0,64.4,Research Now, |  | ,2026-05-02T01:30:35
2026-05-02,MSFT,413.82000732421875,-0.23659305674016395,71.1,Research Now, |  | ,2026-05-02T01:30:35
2026-05-02,GOOGL,384.4100036621094,-0.0010134723056934858,66.9,Research Now, |  | ,2026-05-02T01:30:35
2026-05-02,TSLA,394.04998779296875,-0.1956193682833981,60.9,Watchlist, |  | ,2026-05-02T01:30:35
2026-05-02,PYPL,50.619998931884766,-0.3528509570198427,68.3,Quality Dislocation, |  | ,2026-05-02T01:30:35
2026-05-02,SBUX,106.41000366210938,0.0,58.1,Watchlist, |  | ,2026-05-02T01:30:35
2026-05-02,DIS,103.63999938964844,-0.16426096601631124,62.2,Watchlist, |  | ,2026-05-02T01:30:35
2026-05-02,SHOP,126.13780212402344,-0.2953588850079175,67.9,Quality Dislocation, |  | ,2026-05-02T01:30:35
2026-05-02,MELI,1840.8199462890625,-0.2956845349854298,66.7,Quality Dislocation, |  | ,2026-05-02T01:30:35
2026-05-02,UBER,75.0,-0.25074923932801263,66.0,Quality Dislocation, |  | ,2026-05-02T01:30:35
2026-05-02,ABNB,142.72000122070312,-0.010126172348761453,61.0,Watchlist, |  | ,2026-05-02T01:30:35
2026-05-02,BKNG,170.3699951171875,-0.26765671318243334,67.4,Quality Dislocation, |  | ,2026-05-02T01:30:35
2026-05-02,SPOT,440.8299865722656,-0.43184692266871905,65.2,Research Now, |  | ,2026-05-02T01:30:35
2026-05-02,NVDA,198.93499755859375,-0.08159827802019382,71.4,Watchlist, |  | ,2026-05-02T01:34:07
2026-05-02,AVGO,420.5299987792969,-0.0052748863062153095,71.4,Research Now, |  | ,2026-05-02T01:34:07
2026-05-02,AMD,356.1099853515625,0.0,71.9,Research Now, |  | ,2026-05-02T01:34:07
2026-05-02,MU,531.4099731445312,0.0,73.3,Research Now, |  | ,2026-05-02T01:34:07
2026-05-02,TSM,398.4049987792969,-0.016235399349755153,70.8,Research Now, |  | ,2026-05-02T01:34:07
2026-05-02,ANET,175.35000610351562,-0.013391040799168086,69.9,Research Now, |  | ,2026-05-02T01:34:07
2026-05-02,CRDO,180.50999450683594,-0.07449753527206437,74.6,Research Now, |  | ,2026-05-02T01:34:07
2026-05-02,ALAB,204.3199005126953,-0.18882048375473304,75.6,Too Crowded, |  | ,2026-05-02T01:34:07
2026-05-02,CLS,416.5350036621094,-0.013441149920234818,68.2,Research Now, |  | ,2026-05-02T01:34:07
2026-05-02,VRT,328.4200134277344,-0.00021302568943026845,69.4,Research Now, |  | ,2026-05-02T01:34:07
2026-05-02,ETN,424.4649963378906,-0.0197339859010639,66.9,Watchlist, |  | ,2026-05-02T01:34:07
2026-05-02,CEG,315.04998779296875,-0.22007679595885177,71.2,Research Now, |  | ,2026-05-02T01:34:07
2026-05-02,VST,157.8800048828125,-0.27551392157954235,70.5,Quality Dislocation, |  | ,2026-05-02T01:34:07
2026-05-02,CCJ,120.04010009765625,-0.10477960044707835,67.3,Too Crowded, |  | ,2026-05-02T01:34:07
2026-05-02,AXON,401.8349914550781,-0.5386350793119987,65.3,Watchlist, |  | ,2026-05-02T01:34:07
2026-05-02,PLTR,143.63999938964844,-0.30668981336227485,72.5,Quality Dislocation, |  | ,2026-05-02T01:34:07
2026-05-02,LMT,515.110107421875,-0.2387910475398647,68.4,Research Now, |  | ,2026-05-02T01:34:07
2026-05-02,NOC,573.6799926757812,-0.2530403139414015,67.9,Quality Dislocation, |  | ,2026-05-02T01:34:07
2026-05-02,RTX,173.82000732421875,-0.18071264930289,66.7,Watchlist, |  | ,2026-05-02T01:34:07
2026-05-02,HII,359.1308898925781,-0.2084920961875728,67.7,Research Now, |  | ,2026-05-02T01:34:07
2026-05-02,RKLB,80.17500305175781,-0.16744547755967765,64.8,Too Crowded, |  | ,2026-05-02T01:34:07
2026-05-02,LUNR,25.309999465942383,-0.15464265148721268,64.2,Too Crowded, |  | ,2026-05-02T01:34:07
2026-05-02,TMDX,99.68000030517578,-0.33732215451020375,67.2,Quality Dislocation, |  | ,2026-05-02T01:34:07
2026-05-02,ISRG,460.6449890136719,-0.22299905881180493,70.3,Research Now, |  | ,2026-05-02T01:34:07
2026-05-02,NTRA,206.0399932861328,-0.190094346582529,64.2,Watchlist, |  | ,2026-05-02T01:34:07
2026-05-02,TMO,470.6300048828125,-0.26400813840247583,69.0,Quality Dislocation, |  | ,2026-05-02T01:34:07
2026-05-02,DHR,175.0,-0.27700889157774744,69.2,Quality Dislocation, |  | ,2026-05-02T01:34:07
2026-05-02,NFLX,93.57499694824219,-0.3012254159639075,71.3,Quality Dislocation, |  | ,2026-05-02T01:34:07
2026-05-02,META,610.6900024414062,-0.2269746804539161,70.6,Research Now, |  | ,2026-05-02T01:34:07
2026-05-02,AMZN,269.46038818359375,0.0,64.4,Research Now, |  | ,2026-05-02T01:34:07
2026-05-02,MSFT,413.82000732421875,-0.23659305674016395,71.1,Research Now, |  | ,2026-05-02T01:34:07
2026-05-02,GOOGL,384.4100036621094,-0.0010134723056934858,66.9,Research Now, |  | ,2026-05-02T01:34:07
2026-05-02,TSLA,394.04998779296875,-0.1956193682833981,60.9,Watchlist, |  | ,2026-05-02T01:34:07
2026-05-02,PYPL,50.619998931884766,-0.3528509570198427,68.3,Quality Dislocation, |  | ,2026-05-02T01:34:07
2026-05-02,SBUX,106.41000366210938,0.0,58.1,Watchlist, |  | ,2026-05-02T01:34:07
2026-05-02,DIS,103.63999938964844,-0.16426096601631124,62.2,Watchlist, |  | ,2026-05-02T01:34:07
2026-05-02,SHOP,126.13780212402344,-0.2953588850079175,67.9,Quality Dislocation, |  | ,2026-05-02T01:34:07
2026-05-02,MELI,1840.8199462890625,-0.2956845349854298,66.7,Quality Dislocation, |  | ,2026-05-02T01:34:07
2026-05-02,UBER,75.0,-0.25074923932801263,66.0,Quality Dislocation, |  | ,2026-05-02T01:34:07
2026-05-02,ABNB,142.72000122070312,-0.010126172348761453,61.0,Watchlist, |  | ,2026-05-02T01:34:07
2026-05-02,BKNG,170.3699951171875,-0.26765671318243334,67.4,Quality Dislocation, |  | ,2026-05-02T01:34:07
2026-05-02,SPOT,440.8299865722656,-0.43184692266871905,65.2,Research Now, |  | ,2026-05-02T01:34:07
2026-05-02,NVDA,199.08070373535156,-0.08092561204749049,71.4,Watchlist, |  | ,2026-05-02T02:10:28
2026-05-02,AVGO,419.92498779296875,-0.006705984263336462,71.4,Research Now, |  | ,2026-05-02T02:10:28
2026-05-02,AMD,357.5299987792969,0.0,72.0,Research Now, |  | ,2026-05-02T02:10:28
2026-05-02,MU,532.5399780273438,0.0,73.3,Research Now, |  | ,2026-05-02T02:10:28
2026-05-02,TSM,397.80999755859375,-0.0177046106800971,70.7,Research Now, |  | ,2026-05-02T02:10:28
2026-05-02,ANET,175.39999389648438,-0.013109783869159508,70.0,Research Now, |  | ,2026-05-02T02:10:28
2026-05-02,CRDO,180.22999572753906,-0.07593313201599017,74.6,Research Now, |  | ,2026-05-02T02:10:28
2026-05-02,ALAB,202.00999450683594,-0.19799114423226505,75.4,Too Crowded, |  | ,2026-05-02T02:10:28
2026-05-02,CLS,415.43499755859375,-0.016046503004667034,68.1,Research Now, |  | ,2026-05-02T02:10:28
2026-05-02,VRT,329.3900146484375,0.0,69.5,Research Now, |  | ,2026-05-02T02:10:28
2026-05-02,ETN,426.489990234375,-0.015057433741033077,67.0,Watchlist, |  | ,2026-05-02T02:10:28
2026-05-02,CEG,314.30010986328125,-0.2219331591400049,71.2,Research Now, |  | ,2026-05-02T02:10:28
2026-05-02,VST,157.41000366210938,-0.2776706819716691,70.5,Quality Dislocation, |  | ,2026-05-02T02:10:28
2026-05-02,CCJ,119.9749984741211,-0.10526510738505379,67.3,Too Crowded, |  | ,2026-05-02T02:10:28
2026-05-02,AXON,402.7699890136719,-0.537561566343648,65.4,Watchlist, |  | ,2026-05-02T02:10:28
2026-05-02,PLTR,143.6999969482422,-0.30640022189246696,72.5,Quality Dislocation, |  | ,2026-05-02T02:10:28
2026-05-02,LMT,515.1500244140625,-0.23873205981787948,68.4,Research Now, |  | ,2026-05-02T02:10:28
2026-05-02,NOC,574.7449951171875,-0.2516536281593612,67.9,Quality Dislocation, |  | ,2026-05-02T02:10:28
2026-05-02,RTX,174.4499969482422,-0.17774324124694574,66.8,Watchlist, |  | ,2026-05-02T02:10:28
2026-05-02,HII,359.7900085449219,-0.20703942910277728,67.7,Research Now, |  | ,2026-05-02T02:10:28
2026-05-02,RKLB,80.07499694824219,-0.1684839625061617,64.8,Too Crowded, |  | ,2026-05-02T02:10:28
2026-05-02,LUNR,25.219999313354492,-0.15764866855409665,64.1,Too Crowded, |  | ,2026-05-02T02:10:28
2026-05-02,TMDX,100.01000213623047,-0.33512828511071047,67.3,Quality Dislocation, |  | ,2026-05-02T02:10:28
2026-05-02,ISRG,459.7149963378906,-0.22456774012086989,70.3,Research Now, |  | ,2026-05-02T02:10:28
2026-05-02,NTRA,206.5399932861328,-0.1881289377303439,64.2,Watchlist, |  | ,2026-05-02T02:10:28
2026-05-02,TMO,469.2099914550781,-0.26622881773725804,69.0,Quality Dislocation, |  | ,2026-05-02T02:10:28
2026-05-02,DHR,175.1750030517578,-0.27628588786136077,69.2,Quality Dislocation, |  | ,2026-05-02T02:10:28
2026-05-02,NFLX,93.04499816894531,-0.3051832005070121,71.2,Quality Dislocation, |  | ,2026-05-02T02:10:28
2026-05-02,META,611.9149780273438,-0.22542407844640033,70.6,Research Now, |  | ,2026-05-02T02:10:28
2026-05-02,AMZN,268.2850036621094,0.0,64.4,Research Now, |  | ,2026-05-02T02:10:28
2026-05-02,MSFT,413.1199951171875,-0.23788442537811294,71.1,Research Now, |  | ,2026-05-02T02:10:28
2026-05-02,GOOGL,384.1199951171875,-0.001767132789378123,66.9,Research Now, |  | ,2026-05-02T02:10:28
2026-05-02,TSLA,394.3800048828125,-0.19494569904490222,60.9,Watchlist, |  | ,2026-05-02T02:10:28
2026-05-02,PYPL,50.54999923706055,-0.3537458648916376,68.2,Quality Dislocation, |  | ,2026-05-02T02:10:28
2026-05-02,SBUX,106.2699966430664,0.0,58.1,Watchlist, |  | ,2026-05-02T02:10:28
2026-05-02,DIS,103.55000305175781,-0.1649866843966057,62.2,Watchlist, |  | ,2026-05-02T02:10:28
2026-05-02,SHOP,125.70999908447266,-0.29774871268613934,67.8,Quality Dislocation, |  | ,2026-05-02T02:10:28
2026-05-02,MELI,1836.7750244140625,-0.2972321611055625,66.7,Quality Dislocation, |  | ,2026-05-02T02:10:28
2026-05-02,UBER,74.83499908447266,-0.2523976001476185,66.0,Quality Dislocation, |  | ,2026-05-02T02:10:28
2026-05-02,ABNB,142.0399932861328,-0.01484255443444693,60.9,Watchlist, |  | ,2026-05-02T02:10:28
2026-05-02,BKNG,169.69500732421875,-0.2705581793621117,67.3,Quality Dislocation, |  | ,2026-05-02T02:10:28
2026-05-02,SPOT,440.95001220703125,-0.4316922305292823,65.2,Research Now, |  | ,2026-05-02T02:10:28
2026-05-02,NVDA,199.08070373535156,-0.08092561204749049,71.4,Watchlist, |  | ,2026-05-02T02:10:41
2026-05-02,AVGO,419.92498779296875,-0.006705984263336462,71.4,Research Now, |  | ,2026-05-02T02:10:41
2026-05-02,AMD,357.5299987792969,0.0,72.0,Research Now, |  | ,2026-05-02T02:10:41
2026-05-02,MU,532.5399780273438,0.0,73.3,Research Now, |  | ,2026-05-02T02:10:41
2026-05-02,TSM,397.80999755859375,-0.0177046106800971,70.7,Research Now, |  | ,2026-05-02T02:10:41
2026-05-02,ANET,175.39999389648438,-0.013109783869159508,70.0,Research Now, |  | ,2026-05-02T02:10:41
2026-05-02,CRDO,180.22999572753906,-0.07593313201599017,74.6,Research Now, |  | ,2026-05-02T02:10:41
2026-05-02,ALAB,202.00999450683594,-0.19799114423226505,75.4,Too Crowded, |  | ,2026-05-02T02:10:41
2026-05-02,CLS,415.43499755859375,-0.016046503004667034,68.1,Research Now, |  | ,2026-05-02T02:10:41
2026-05-02,VRT,329.3900146484375,0.0,69.5,Research Now, |  | ,2026-05-02T02:10:41
2026-05-02,ETN,426.489990234375,-0.015057433741033077,67.0,Watchlist, |  | ,2026-05-02T02:10:41
2026-05-02,CEG,314.30010986328125,-0.2219331591400049,71.2,Research Now, |  | ,2026-05-02T02:10:41
2026-05-02,VST,157.41000366210938,-0.2776706819716691,70.5,Quality Dislocation, |  | ,2026-05-02T02:10:41
2026-05-02,CCJ,119.9749984741211,-0.10526510738505379,67.3,Too Crowded, |  | ,2026-05-02T02:10:41
2026-05-02,AXON,402.7699890136719,-0.537561566343648,65.4,Watchlist, |  | ,2026-05-02T02:10:41
2026-05-02,PLTR,143.6999969482422,-0.30640022189246696,72.5,Quality Dislocation, |  | ,2026-05-02T02:10:41
2026-05-02,LMT,515.1500244140625,-0.23873205981787948,68.4,Research Now, |  | ,2026-05-02T02:10:41
2026-05-02,NOC,574.7449951171875,-0.2516536281593612,67.9,Quality Dislocation, |  | ,2026-05-02T02:10:41
2026-05-02,RTX,174.4499969482422,-0.17774324124694574,66.8,Watchlist, |  | ,2026-05-02T02:10:41
2026-05-02,HII,359.7900085449219,-0.20703942910277728,67.7,Research Now, |  | ,2026-05-02T02:10:41
2026-05-02,RKLB,80.07499694824219,-0.1684839625061617,64.8,Too Crowded, |  | ,2026-05-02T02:10:41
2026-05-02,LUNR,25.219999313354492,-0.15764866855409665,64.1,Too Crowded, |  | ,2026-05-02T02:10:41
2026-05-02,TMDX,100.01000213623047,-0.33512828511071047,67.3,Quality Dislocation, |  | ,2026-05-02T02:10:41
2026-05-02,ISRG,459.7149963378906,-0.22456774012086989,70.3,Research Now, |  | ,2026-05-02T02:10:41
2026-05-02,NTRA,206.5399932861328,-0.1881289377303439,64.2,Watchlist, |  | ,2026-05-02T02:10:41
2026-05-02,TMO,469.2099914550781,-0.26622881773725804,69.0,Quality Dislocation, |  | ,2026-05-02T02:10:41
2026-05-02,DHR,175.1750030517578,-0.27628588786136077,69.2,Quality Dislocation, |  | ,2026-05-02T02:10:41
2026-05-02,NFLX,93.04499816894531,-0.3051832005070121,71.2,Quality Dislocation, |  | ,2026-05-02T02:10:41
2026-05-02,META,611.9149780273438,-0.22542407844640033,70.6,Research Now, |  | ,2026-05-02T02:10:41
2026-05-02,AMZN,268.2850036621094,0.0,64.4,Research Now, |  | ,2026-05-02T02:10:41
2026-05-02,MSFT,413.1199951171875,-0.23788442537811294,71.1,Research Now, |  | ,2026-05-02T02:10:41
2026-05-02,GOOGL,384.1199951171875,-0.001767132789378123,66.9,Research Now, |  | ,2026-05-02T02:10:41
2026-05-02,TSLA,394.3800048828125,-0.19494569904490222,60.9,Watchlist, |  | ,2026-05-02T02:10:41
2026-05-02,PYPL,50.54999923706055,-0.3537458648916376,68.2,Quality Dislocation, |  | ,2026-05-02T02:10:41
2026-05-02,SBUX,106.2699966430664,0.0,58.1,Watchlist, |  | ,2026-05-02T02:10:41
2026-05-02,DIS,103.55000305175781,-0.1649866843966057,62.2,Watchlist, |  | ,2026-05-02T02:10:41
2026-05-02,SHOP,125.70999908447266,-0.29774871268613934,67.8,Quality Dislocation, |  | ,2026-05-02T02:10:41
2026-05-02,MELI,1836.7750244140625,-0.2972321611055625,66.7,Quality Dislocation, |  | ,2026-05-02T02:10:41
2026-05-02,UBER,74.83499908447266,-0.2523976001476185,66.0,Quality Dislocation, |  | ,2026-05-02T02:10:41
2026-05-02,ABNB,142.0399932861328,-0.01484255443444693,60.9,Watchlist, |  | ,2026-05-02T02:10:41
2026-05-02,BKNG,169.69500732421875,-0.2705581793621117,67.3,Quality Dislocation, |  | ,2026-05-02T02:10:41
2026-05-02,SPOT,440.95001220703125,-0.4316922305292823,65.2,Research Now, |  | ,2026-05-02T02:10:41
2026-05-02,NVDA,200.11000061035156,-0.07617376830943734,75.3,Research Now, |  | ,2026-05-02T02:45:12
2026-05-02,AVGO,420.7250061035156,-0.004813614379556741,69.4,Research Now, |  | ,2026-05-02T02:45:12
2026-05-02,AMD,359.29998779296875,0.0,64.6,Research Now, |  | ,2026-05-02T02:45:12
2026-05-02,MU,530.5,0.0,70.0,Research Now, |  | ,2026-05-02T02:45:12
2026-05-02,TSM,398.4200134277344,-0.016198324313876356,70.7,Research Now, |  | ,2026-05-02T02:45:12
2026-05-02,ANET,175.42999267578125,-0.012940995369648989,67.8,Research Now, |  | ,2026-05-02T02:45:12
2026-05-02,CRDO,181.02000427246094,-0.07188263687593499,72.8,Research Now, |  | ,2026-05-02T02:45:12
2026-05-02,ALAB,200.9499969482422,-0.20219948764200468,67.1,Quality Dislocation, |  | ,2026-05-02T02:45:12
2026-05-02,CLS,416.0400085449219,-0.014613540738087294,65.8,Research Now, |  | ,2026-05-02T02:45:12
2026-05-02,VRT,329.12969970703125,0.0,65.2,Research Now, |  | ,2026-05-02T02:45:12
2026-05-02,ETN,426.8800964355469,-0.014156516458813662,65.4,Research Now, |  | ,2026-05-02T02:45:12
2026-05-02,CEG,314.3699951171875,-0.22176015443201047,72.3,Quality Dislocation, |  | ,2026-05-02T02:45:12
2026-05-02,VST,157.75,-0.2761104931833642,72.6,Quality Dislocation, |  | ,2026-05-02T02:45:12
2026-05-02,CCJ,120.62999725341797,-0.10038033747540032,59.0,Watchlist, |  | ,2026-05-02T02:45:12
2026-05-02,AXON,404.82000732421875,-0.5352078476397851,64.2,Research Now, |  | ,2026-05-02T02:45:12
2026-05-02,PLTR,144.9398956298828,-0.30041557701615906,71.5,Quality Dislocation, |  | ,2026-05-02T02:45:12
2026-05-02,LMT,514.0449829101562,-0.2403650456077011,67.9,Quality Dislocation, |  | ,2026-05-02T02:45:12
2026-05-02,NOC,572.375,-0.2547394788623598,67.0,Quality Dislocation, |  | ,2026-05-02T02:45:12
2026-05-02,RTX,174.16000366210938,-0.17911010248906112,65.1,Research Now, |  | ,2026-05-02T02:45:12
2026-05-02,HII,359.3999938964844,-0.20789900338482592,67.5,Quality Dislocation, |  | ,2026-05-02T02:45:12
2026-05-02,RKLB,80.20659637451172,-0.1671174056827024,54.4,Watchlist, |  | ,2026-05-02T02:45:12
2026-05-02,LUNR,25.40999984741211,-0.15130262544559747,49.8,Too Crowded, |  | ,2026-05-02T02:45:12
2026-05-02,TMDX,99.83999633789062,-0.3362584925326577,72.6,Quality Dislocation, |  | ,2026-05-02T02:45:12
2026-05-02,ISRG,459.57598876953125,-0.22480221355273933,70.0,Quality Dislocation, |  | ,2026-05-02T02:45:12
2026-05-02,NTRA,207.82000732421875,-0.18309743588759309,59.5,Watchlist, |  | ,2026-05-02T02:45:12
2026-05-02,TMO,470.5375061035156,-0.2641527920541,67.7,Quality Dislocation, |  | ,2026-05-02T02:45:12
2026-05-02,DHR,175.01499938964844,-0.27694692343290406,67.4,Quality Dislocation, |  | ,2026-05-02T02:45:12
2026-05-02,NFLX,92.66500091552734,-0.3080208433747844,77.9,Quality Dislocation, |  | ,2026-05-02T02:45:12
2026-05-02,META,614.0800170898438,-0.22268352267108382,72.8,Quality Dislocation, |  | ,2026-05-02T02:45:12
2026-05-02,AMZN,269.55999755859375,0.0,64.1,Research Now, |  | ,2026-05-02T02:45:12
2026-05-02,MSFT,414.5350036621094,-0.2352740456747483,71.0,Quality Dislocation, |  | ,2026-05-02T02:45:12
2026-05-02,GOOGL,386.239990234375,0.0,66.6,Research Now, |  | ,2026-05-02T02:45:12
2026-05-02,TSLA,395.4949951171875,-0.19266965139392345,58.4,Watchlist, |  | ,2026-05-02T02:45:12
2026-05-02,PYPL,50.69499969482422,-0.3518921132232562,68.3,Research Now, |  | ,2026-05-02T02:45:12
2026-05-02,SBUX,106.58000183105469,0.0,57.0,Watchlist, |  | ,2026-05-02T02:45:12
2026-05-02,DIS,103.4749984741211,-0.16559151123593052,63.6,Research Now, |  | ,2026-05-02T02:45:12
2026-05-02,SHOP,126.76499938964844,-0.29185518529912247,66.0,Quality Dislocation, |  | ,2026-05-02T02:45:12
2026-05-02,MELI,1834.25,-0.2981982597986741,67.9,Quality Dislocation, |  | ,2026-05-02T02:45:12
2026-05-02,UBER,75.06500244140625,-0.25009986427909037,69.3,Quality Dislocation, |  | ,2026-05-02T02:45:12
2026-05-02,ABNB,142.24000549316406,-0.013455314753550107,62.9,Research Now, |  | ,2026-05-02T02:45:12
2026-05-02,BKNG,170.0449981689453,-0.2690537275635023,70.0,Quality Dislocation, |  | ,2026-05-02T02:45:12
2026-05-02,SPOT,442.2200012207031,-0.4300554358731268,64.9,Quality Dislocation, |  | ,2026-05-02T02:45:12
2026-05-02,NVDA,200.07699584960938,-0.07632613782446063,75.3,Research Now, |  | ,2026-05-02T03:13:37
2026-05-02,AVGO,423.07000732421875,0.0,69.4,Research Now, |  | ,2026-05-02T03:13:37
2026-05-02,AMD,362.0,0.0,64.6,Research Now, |  | ,2026-05-02T03:13:37
2026-05-02,MU,531.89990234375,0.0,70.0,Research Now, |  | ,2026-05-02T03:13:37
2026-05-02,TSM,398.95001220703125,-0.014889620760814348,70.7,Research Now, |  | ,2026-05-02T03:13:37
2026-05-02,ANET,175.97999572753906,-0.00984639645568186,67.8,Research Now, |  | ,2026-05-02T03:13:37
2026-05-02,CRDO,180.2100067138672,-0.07603561875901699,72.8,Research Now, |  | ,2026-05-02T03:13:37
2026-05-02,ALAB,199.6999969482422,-0.2071621681873761,67.1,Quality Dislocation, |  | ,2026-05-02T03:13:37
2026-05-02,CLS,419.489990234375,-0.006442294772156076,65.8,Research Now, |  | ,2026-05-02T03:13:37
2026-05-02,VRT,329.135009765625,0.0,65.2,Research Now, |  | ,2026-05-02T03:13:37
2026-05-02,ETN,426.489990234375,-0.015057433741033077,65.4,Research Now, |  | ,2026-05-02T03:13:37
2026-05-02,CEG,313.95001220703125,-0.22279984473394066,72.3,Quality Dislocation, |  | ,2026-05-02T03:13:37
2026-05-02,VST,157.51499938964844,-0.27718887337942755,72.6,Quality Dislocation, |  | ,2026-05-02T03:13:37
2026-05-02,CCJ,120.55999755859375,-0.10090237265129687,59.0,Watchlist, |  | ,2026-05-02T03:13:37
2026-05-02,AXON,404.30999755859375,-0.5357934129092895,64.2,Research Now, |  | ,2026-05-02T03:13:37
2026-05-02,PLTR,145.11000061035156,-0.29959452775231943,70.8,Quality Dislocation, |  | ,2026-05-02T03:13:37
2026-05-02,LMT,513.8800048828125,-0.2406088434861816,67.9,Quality Dislocation, |  | ,2026-05-02T03:13:37
2026-05-02,NOC,571.4799194335938,-0.2559049179702525,67.0,Quality Dislocation, |  | ,2026-05-02T03:13:37
2026-05-02,RTX,174.22410583496094,-0.17880796178513447,65.1,Research Now, |  | ,2026-05-02T03:13:37
2026-05-02,HII,358.6199951171875,-0.20961808468958976,67.5,Quality Dislocation, |  | ,2026-05-02T03:13:37
2026-05-02,RKLB,80.2300033569336,-0.16687434252922262,54.4,Watchlist, |  | ,2026-05-02T03:13:37
2026-05-02,LUNR,25.520000457763672,-0.14762859042925092,49.8,Too Crowded, |  | ,2026-05-02T03:13:37
2026-05-02,TMDX,99.87000274658203,-0.3360590083612931,72.6,Quality Dislocation, |  | ,2026-05-02T03:13:37
2026-05-02,ISRG,459.06500244140625,-0.22566412862260166,70.0,Quality Dislocation, |  | ,2026-05-02T03:13:37
2026-05-02,NTRA,207.97000122070312,-0.18250783722374486,59.5,Watchlist, |  | ,2026-05-02T03:13:37
2026-05-02,TMO,470.18499755859375,-0.26470406039125305,67.7,Quality Dislocation, |  | ,2026-05-02T03:13:37
2026-05-02,DHR,174.89999389648438,-0.2774220545699174,67.4,Quality Dislocation, |  | ,2026-05-02T03:13:37
2026-05-02,NFLX,92.61000061035156,-0.3084315600899805,77.9,Quality Dislocation, |  | ,2026-05-02T03:13:37
2026-05-02,META,612.75,-0.2243670886075949,72.8,Quality Dislocation, |  | ,2026-05-02T03:13:37
2026-05-02,AMZN,269.06500244140625,0.0,64.1,Research Now, |  | ,2026-05-02T03:13:37
2026-05-02,MSFT,414.6050109863281,-0.23514489755130874,71.0,Quality Dislocation, |  | ,2026-05-02T03:13:37
2026-05-02,GOOGL,385.1449890136719,0.0,66.6,Research Now, |  | ,2026-05-02T03:13:37
2026-05-02,TSLA,396.9678039550781,-0.1896631828236397,58.4,Watchlist, |  | ,2026-05-02T03:13:37
2026-05-02,PYPL,50.72999954223633,-0.3514446592873588,68.3,Research Now, |  | ,2026-05-02T03:13:37
2026-05-02,SBUX,106.30500030517578,0.0,57.0,Watchlist, |  | ,2026-05-02T03:13:37
2026-05-02,DIS,103.3949966430664,-0.16623663525557852,63.6,Research Now, |  | ,2026-05-02T03:13:37
2026-05-02,SHOP,126.9000015258789,-0.29110102552942696,66.0,Quality Dislocation, |  | ,2026-05-02T03:13:37
2026-05-02,MELI,1826.9000244140625,-0.30101043134380057,68.6,Quality Dislocation, |  | ,2026-05-02T03:13:37
2026-05-02,UBER,75.05999755859375,-0.25014986310914833,69.3,Quality Dislocation, |  | ,2026-05-02T03:13:37
2026-05-02,ABNB,142.52000427246094,-0.011513306198129292,62.9,Research Now, |  | ,2026-05-02T03:13:37
2026-05-02,BKNG,170.2100067138672,-0.2683444307177876,70.0,Quality Dislocation, |  | ,2026-05-02T03:13:37
2026-05-02,SPOT,442.57501220703125,-0.4295978885407933,64.9,Quality Dislocation, |  | ,2026-05-02T03:13:37
